date,tavg,tmin,tmax,prcp,snow,wdir,wspd,wpgt,pres,tsun
2020-12-08 00:00:00,28.3,24.4,35.9,,,,,,,
2020-12-09 00:00:00,29.2,24,35,,,,,,,
2020-12-10 00:00:00,29.3,,34.8,,,,,,,
2020-12-11 00:00:00,28.5,24.4,35.6,,,,,,,
2020-12-12 00:00:00,27.2,24.6,34.6,,,,,,,
2020-12-13 00:00:00,26.9,,33.5,,,,,,,
2020-12-14 00:00:00,25.9,23.1,32.2,,,,,,,
2020-12-15 00:00:00,25.9,23.5,32.6,,,,,,,
2020-12-16 00:00:00,26.3,,32.2,,,,,,,
2020-12-17 00:00:00,27.2,23.2,32.5,,,,,,,
2020-12-18 00:00:00,27.8,23.2,34.3,,,,,,,
2020-12-19 00:00:00,27.9,,,,,,,,,
2020-12-20 00:00:00,28.3,23.6,34.6,,,,,,,
2020-12-21 00:00:00,26.2,,32.8,,,,,,,
2020-12-22 00:00:00,27.6,23.6,,,,,,,,
2020-12-23 00:00:00,27.5,24.7,,,,,,,,
2020-12-24 00:00:00,28.1,24.6,32.8,,,,,,,
2020-12-25 00:00:00,26.9,24.5,32.8,,,,,,,
2020-12-26 00:00:00,26.2,24.4,30.9,,,,,,,
2020-12-27 00:00:00,27.9,24.3,33.5,,,,,,,
2020-12-28 00:00:00,25.7,24,33.6,,,,,,,
2020-12-29 00:00:00,27.2,21.2,33.2,,,,,,,
2020-12-30 00:00:00,27.3,,32.4,,,,,,,
2020-12-31 00:00:00,26.8,23.4,32.8,,,,,,,
2021-01-01 00:00:00,26.9,23.2,32.4,,,,,,,
2021-01-02 00:00:00,29.3,23.4,,,,,,,,
2021-01-03 00:00:00,27.1,23.6,31.4,1,,,6.8,,1008.1,
2021-01-04 00:00:00,27.2,23.7,30.6,0.8,,,6.8,,1007.9,
2021-01-05 00:00:00,27.1,23.9,31.9,1.7,,,5.9,,1007.7,
2021-01-06 00:00:00,25.8,23.7,29,20.2,,,3.4,,1007.9,
2021-01-07 00:00:00,27.1,23.8,32.2,4.9,,,4.8,,1006.9,
2021-01-08 00:00:00,27,23.5,32.6,2.5,,,4.5,,1007,
2021-01-09 00:00:00,27.7,23.4,32.7,6.2,,,4.2,,1007,
2021-01-10 00:00:00,27.6,23.6,33.3,2,,,4.5,,1006.9,
2021-01-11 00:00:00,28,23.4,33,4.7,,,3.8,,1007.3,
2021-01-12 00:00:00,27.4,23.9,32.8,5.7,,,4.3,,1007.6,
2021-01-13 00:00:00,27.5,24.2,33.1,4.4,,,4,,1007.4,
2021-01-14 00:00:00,26.4,24.1,33.4,3.4,,,5.1,,1007.5,
2021-01-15 00:00:00,26.1,24.1,30.4,8.3,,,3.4,,1007,
2021-01-16 00:00:00,26.2,23.1,32.4,3,,,6.4,,1006.2,
2021-01-17 00:00:00,26.5,23.2,31.4,0.7,,,5,,1007,
2021-01-18 00:00:00,27.5,23.7,32.5,0,,,5.1,,1006.6,
2021-01-19 00:00:00,28,23.6,33.8,1,,,4.7,,1007.1,
2021-01-20 00:00:00,28.7,23.5,34,1.9,,,4.7,,1008.1,
2021-01-21 00:00:00,27.3,24.4,33.7,6.1,,,3.9,,1008.8,
2021-01-22 00:00:00,25.6,23.5,32.4,7.7,,,5,,1008.7,
2021-01-23 00:00:00,27.1,23,32,3.6,,,4.6,,1009.2,
2021-01-24 00:00:00,26.4,23.8,31.7,2,,,7.4,,1009.4,
2021-01-25 00:00:00,25.8,23.1,31.4,8.6,,,7,,1009.1,
2021-01-26 00:00:00,26.4,22.7,32.3,2.3,,,6.3,,1007.8,
2021-01-27 00:00:00,27.7,23.1,32,1.6,,,6.1,,1007.1,
2021-01-28 00:00:00,27.2,23.9,31.7,0.4,,,9.2,,1007.8,
2021-01-29 00:00:00,26.9,22.9,32,0.1,,,8.4,,1007.7,
2021-01-30 00:00:00,24.8,22.9,30.7,6.3,,,5.3,,1008.4,
2021-01-31 00:00:00,26.2,22.9,31,7.6,,,5,,1009.3,
2021-02-01 00:00:00,26.2,23.8,32,5.6,,,4.1,,1009.3,
2021-02-02 00:00:00,26.5,24.1,30.6,5.1,,,5.8,,1009.4,
2021-02-03 00:00:00,27.9,24.4,32.4,0.2,,,6.2,,1008.6,
2021-02-04 00:00:00,27.4,24.7,32.1,1.9,,,6.2,,1008.7,
2021-02-05 00:00:00,26.9,24.3,31.4,3.2,,,5.4,,1008.9,
2021-02-06 00:00:00,27.6,24.2,31.8,1.3,,,6.4,,1008,
2021-02-07 00:00:00,27.9,24,33.2,3.7,,,4.3,,1007.8,
2021-02-08 00:00:00,26.8,23.9,32.1,0.9,,,4.4,,1008,
2021-02-09 00:00:00,27.7,24.3,34.7,1,,,3.4,,1007.8,
2021-02-10 00:00:00,30.1,24.2,31.2,0.7,,,4.5,,1008.1,
2021-02-11 00:00:00,26.6,24,29.9,4.1,,,4.1,,1009,
2021-02-12 00:00:00,26.3,23.8,30.2,4.7,,,3.5,,1009.4,
2021-02-13 00:00:00,25.2,24.2,32.6,10,,,3.2,,1010.4,
2021-02-14 00:00:00,26.8,24.2,32.5,3.7,,,5,,1009.7,
2021-02-15 00:00:00,26.2,23.9,31.5,0.8,,,6.8,,1009.3,
2021-02-16 00:00:00,27.4,22.9,32.2,0,,,7.6,,1008.6,
2021-02-17 00:00:00,27,24.2,32.8,5,,,7,,1008.6,
2021-02-18 00:00:00,27.3,23.1,33.1,1.3,,,13,,1009.3,
2021-02-19 00:00:00,29.4,22.9,32.5,7.1,,,10.9,,1009.4,
2021-02-20 00:00:00,27.2,24.7,30.5,1.2,,,9.3,,1009.4,
2021-02-21 00:00:00,27.2,23.9,30.8,0.4,,,8.2,,1009.2,
2021-02-22 00:00:00,27.9,23.1,32.5,0.3,,,8,,1008.2,
2021-02-23 00:00:00,27.1,24.7,30.8,0.7,,,8.9,,1007.7,
2021-02-24 00:00:00,27.2,23.6,32,1.3,,,8.3,,1007.3,
2021-02-25 00:00:00,28.1,22.9,33.7,1,,,6.4,,1007,
2021-02-26 00:00:00,28.1,22.9,34.9,1,,,4.6,,1006.6,
2021-02-27 00:00:00,28.9,23.9,33.4,1.3,,,6.8,,1007.6,
2021-02-28 00:00:00,27.9,24.3,32.2,2,,,7.7,,1008.8,
2021-03-01 00:00:00,28.2,24.9,33.5,0.4,,,7.6,,1010.4,
2021-03-02 00:00:00,27.9,24.8,33.7,0.1,,,8.9,,1010.6,
2021-03-03 00:00:00,28.1,24.2,33.3,1.8,,,4.4,,1010.5,
2021-03-04 00:00:00,27.8,23.5,32.4,4.9,,,5,,1011,
2021-03-05 00:00:00,26.8,23.6,33.1,15.5,,,5,,1011.1,
2021-03-06 00:00:00,27.4,23.3,33,4.6,,,4.6,,1011,
2021-03-07 00:00:00,27.3,22.4,32.8,0.8,,,5.3,,1010.2,
2021-03-08 00:00:00,27.8,21.6,33,0.6,,,4.4,,1010.3,
2021-03-09 00:00:00,27.4,23.4,33.4,5.3,,,4.4,,1010.3,
2021-03-10 00:00:00,27.4,23.7,34.2,1.5,,,4.5,,1010.2,
2021-03-11 00:00:00,26.4,23.5,31.7,3,,,4.3,,1010.2,
2021-03-12 00:00:00,27.6,22.6,34,4.3,,,3.4,,1010.6,
2021-03-13 00:00:00,27.3,24.2,33.7,8,,,4.2,,1010.1,
2021-03-14 00:00:00,26.4,23.7,35.4,6.6,,,4.3,,1009.5,
2021-03-15 00:00:00,27.9,23.7,34,2.7,,,4.3,,1009.2,
2021-03-16 00:00:00,28.2,23.8,34.3,2.7,,,4.6,,1009.5,
2021-03-17 00:00:00,27.8,23.2,33.8,1.3,,,5.3,,1008.4,
2021-03-18 00:00:00,28.3,23.2,33.2,5.9,,,4.3,,1007.8,
2021-03-19 00:00:00,26.3,23.5,30.4,5.8,,,4.4,,1007.3,
2021-03-20 00:00:00,28.4,22.7,34.3,6.9,,,4.6,,1006.2,
2021-03-21 00:00:00,28.1,23.3,34.4,5.9,,,3.5,,1006.8,
2021-03-22 00:00:00,26.8,24.2,34.4,2.7,,,3.3,,1008.1,
2021-03-23 00:00:00,26.8,23.8,34.3,58.5,,,3.6,,1008.9,
2021-03-24 00:00:00,27.3,24.3,34,2.1,,,3.3,,1008.1,
2021-03-25 00:00:00,28.4,24.6,33.4,2.8,,,4.9,,1007.8,
2021-03-26 00:00:00,25.8,23.4,33.3,6.4,,,3.6,,1008,
2021-03-27 00:00:00,28.2,22.9,34.4,9.1,,,3.7,,1007.7,
2021-03-28 00:00:00,27.6,24.6,32.3,3.8,,,4.7,,1007.2,
2021-03-29 00:00:00,27.6,24.4,32.9,0.5,,,5.9,,1006.3,
2021-03-30 00:00:00,26.9,24,33.6,3.8,,,4.7,,1005.4,
2021-03-31 00:00:00,25.6,24.2,33.2,8.8,,,4.5,,1005.3,
2021-04-01 00:00:00,27.3,23.4,33.3,20.8,,,4.8,,1005.8,
2021-04-02 00:00:00,26.5,23.7,33.8,13.7,,,4.7,,1007.1,
2021-04-03 00:00:00,28.6,23.5,33,0.2,,,9.5,,1006.7,
2021-04-04 00:00:00,28.8,24.8,33.2,0.5,,,7.3,,1007.1,
2021-04-05 00:00:00,28.6,24.8,32.9,1.3,,,6.5,,1008.7,
2021-04-06 00:00:00,26.9,23.8,33.3,3,,,5.5,,1009.5,
2021-04-07 00:00:00,28.4,23.4,34.2,1.1,,,5.3,,1008.7,
2021-04-08 00:00:00,25.2,22.9,30,8.7,,,3.6,,1008.7,
2021-04-09 00:00:00,27.3,23,33,7.3,,,3.7,,1009.4,
2021-04-10 00:00:00,26.6,23.1,33.3,3.1,,,3.5,,1010.6,
2021-04-11 00:00:00,27.6,23.9,33,1.6,,,4.6,,1011,
2021-04-12 00:00:00,27.6,23.6,31.8,6.7,,,4,,1010.9,
2021-04-13 00:00:00,26,23.6,32,8.9,,,3.4,,1010.6,
2021-04-14 00:00:00,25.5,23,33.5,7.8,,,5.1,,1010,
2021-04-15 00:00:00,25.4,23,30,14.3,,,4.6,,1009.9,
2021-04-16 00:00:00,27.3,23,32.5,16,,,2.9,,1009.9,
2021-04-17 00:00:00,27,24.3,32,5.6,,,4.2,,1009.9,
2021-04-18 00:00:00,26.3,24,32.4,17.9,,,3.5,,1010,
2021-04-19 00:00:00,27.3,24.2,33.1,7.4,,,5.2,,1009.2,
2021-04-20 00:00:00,27.7,23.3,33.6,0.5,,,5.3,,1009.2,
2021-04-21 00:00:00,27.6,23.3,33.3,0.3,,,5.3,,1009.5,
2021-04-22 00:00:00,28.1,23.6,33.8,0.4,,,6.3,,1009.1,
2021-04-23 00:00:00,27.9,23.5,33.6,3.7,,,5.2,,1009.3,
2021-04-24 00:00:00,27.8,24.1,33.3,13.2,,,4.1,,1010.2,
2021-04-25 00:00:00,27.8,22.9,33.9,1.6,,,5,,1010.3,
2021-04-26 00:00:00,27.7,23.9,34.3,1.1,,,6.1,,1010.2,
2021-04-27 00:00:00,28.1,22.7,34.2,1.3,,,5.4,,1010.6,
2021-04-28 00:00:00,27.9,23.8,32.5,6.3,,,4,,1011.3,
2021-04-29 00:00:00,27.3,23.4,34.4,0.9,,,5.5,,1010.5,
2021-04-30 00:00:00,27.3,23.8,34.4,6.6,,,4.7,,1010.2,
2021-05-01 00:00:00,26.3,23.8,33.2,8.3,,,2.9,,1010.8,
2021-05-02 00:00:00,26.3,23.5,33.4,5.8,,,3.8,,1010.1,
2021-05-03 00:00:00,28,23.6,33,5,,,5.3,,1008,
2021-05-04 00:00:00,26.9,24.1,33.7,1.3,,,3.8,,1007.5,
2021-05-05 00:00:00,26.9,23.8,34,11,,,4,,1007.1,
2021-05-06 00:00:00,27.1,24.4,33,12,,,3.9,,1008,
2021-05-07 00:00:00,26.4,24,32.3,14.8,,,3.8,,1009.2,
2021-05-08 00:00:00,26.9,24.2,32.3,11.2,,,3.3,,1008.7,
2021-05-09 00:00:00,26.6,24,29.8,5.6,,,3.7,,1008.7,
2021-05-10 00:00:00,27.8,24.5,32,1.2,,,5.3,,1008.4,
2021-05-11 00:00:00,27.7,24.7,33,0.7,,,8.6,,1008.4,
2021-05-12 00:00:00,28.3,23.5,33.4,0.5,,,7.8,,1007.6,
2021-05-13 00:00:00,28.4,23.6,33.1,0.4,,,8.1,,1006.5,
2021-05-14 00:00:00,28.4,23.4,34,3.6,,,6.3,,1007,
2021-05-15 00:00:00,27.7,24.2,34.4,16.8,,,5.4,,1007.4,
2021-05-16 00:00:00,26.8,24.4,33.3,6.9,,,3.2,,1007.7,
2021-05-17 00:00:00,26.8,24.6,30.2,12.4,,,5.5,,1008.4,
2021-05-18 00:00:00,26.8,24.8,32.6,6.7,,,6.8,,1008.6,
2021-05-19 00:00:00,26.9,24,30.9,7.8,,,7,,1008.5,
2021-05-20 00:00:00,26,24.2,31.2,22.8,,,5.3,,1010,
2021-05-21 00:00:00,25.8,23.5,28,42.1,,,3.1,,1010.7,
2021-05-22 00:00:00,26.8,24,32.6,1.4,,,3.3,,1009.1,
2021-05-23 00:00:00,26.6,23.4,32.2,6.3,,,3.1,,1009.4,
2021-05-24 00:00:00,27.1,24.3,31.7,13.5,,,4.2,,1010.8,
2021-05-25 00:00:00,27.4,23.7,33.9,1.9,,,5.7,,1010.2,
2021-05-26 00:00:00,27.9,24,33.9,0.2,,,7.4,,1010.3,
2021-05-27 00:00:00,28.5,24.1,33.3,1.2,,,7.4,,1010.1,
2021-05-28 00:00:00,28.4,24,33.6,1.2,,,7.2,,1010.2,
2021-05-29 00:00:00,28.9,24.7,33.4,0.6,,,7,,1009.5,
2021-05-30 00:00:00,27.8,24,33.4,6.6,,,4.2,,1008.8,
2021-05-31 00:00:00,28,23.4,33.2,0.3,,,6.1,,1008,
2021-06-01 00:00:00,28.3,23.6,32.3,0.3,,,8.8,,1008.5,
2021-06-02 00:00:00,27.6,24.8,32.8,0.3,,,9.2,,1009.4,
2021-06-03 00:00:00,27.8,22.8,33.2,1.6,,,6.7,,1010.1,
2021-06-04 00:00:00,28.4,23,33.4,1,,,7.9,,1010.1,
2021-06-05 00:00:00,28.4,24,33.1,2,,,8.5,,1009.4,
2021-06-06 00:00:00,28.3,24.3,33.6,2.1,,,8.7,,1009.5,
2021-06-07 00:00:00,27,24.4,32,2,,,5.7,,1010.7,
2021-06-08 00:00:00,27.8,23,33.3,1.3,,,6,,1010.1,
2021-06-09 00:00:00,27,22.7,33.6,1.9,,,4.2,,1009.5,
2021-06-10 00:00:00,27.7,22.8,33.1,0.4,,,6.4,,1008.6,
2021-06-11 00:00:00,28.4,23,33.8,0.6,,,6.7,,1008.6,
2021-06-12 00:00:00,27.4,24,33.1,8.1,,,4.9,,1010.6,
2021-06-13 00:00:00,26.7,23.8,34.2,14.9,,,3.5,,1010.9,
2021-06-14 00:00:00,25.5,23.7,30.6,7.1,,,4.2,,1010.7,
2021-06-15 00:00:00,26.1,23.8,31.5,4.6,,,3.8,,1010,
2021-06-16 00:00:00,27.6,22.4,32.5,0.5,,,7.1,,1010.7,
2021-06-17 00:00:00,27.4,22.6,33,9.3,,,5.9,,1010.8,
2021-06-18 00:00:00,27.3,23.2,32.6,13.2,,,6,,1011.3,
2021-06-19 00:00:00,26.9,24,32.2,8.7,,,4.4,,1011,
2021-06-20 00:00:00,27.1,23,32.7,11,,,4.4,,1010.5,
2021-06-21 00:00:00,27.2,22.5,32.6,6.7,,,4.1,,1010.6,
2021-06-22 00:00:00,25.7,23.2,32.5,7.9,,,4.2,,1011.4,
2021-06-23 00:00:00,26.6,22.7,32.2,2.1,,,4.5,,1011,
2021-06-24 00:00:00,27.3,23.5,32.8,5.6,,,5,,1010.3,
2021-06-25 00:00:00,27.2,23.4,33,6.3,,,5.2,,1010.6,
2021-06-26 00:00:00,25.7,23.5,33.1,7.7,,,4.9,,1011.1,
2021-06-27 00:00:00,26.7,23.6,31.3,5.8,,,3.4,,1010.6,
2021-06-28 00:00:00,26.2,23.4,31.7,5.4,,,5.6,,1010,
2021-06-29 00:00:00,24.9,23.4,32.3,18,,,4.8,,1010.2,
2021-06-30 00:00:00,26.2,22.7,32.2,2.5,,,5.8,,1010.3,
2021-07-01 00:00:00,26.8,23.2,32.4,2.8,,,4.4,,1009.9,
2021-07-02 00:00:00,25.8,23.3,32.3,15.6,,,3.6,,1009.6,
2021-07-03 00:00:00,24.2,23.1,26.1,30.1,,,5.5,,1009.6,
2021-07-04 00:00:00,26.6,23.3,29.8,1.6,,,10.5,,1009.1,
2021-07-05 00:00:00,27.1,23.8,29.7,0.2,,,10.8,,1008.5,
2021-07-06 00:00:00,26.7,23.8,32.3,3.2,,,6.1,,1008.5,
2021-07-07 00:00:00,25.8,22.9,31.2,6.3,,,4.4,,1008.9,
2021-07-08 00:00:00,27.2,22,32.3,13.2,,,4.6,,1008.9,
2021-07-09 00:00:00,26.2,23.2,31,16,,,6.9,,1009.2,
2021-07-10 00:00:00,27.1,23.4,31.3,5.1,,,7.8,,1008.2,
2021-07-11 00:00:00,26.2,24,32,10.2,,,5.4,,1008.9,
2021-07-12 00:00:00,26.6,24,31,3.2,,,6.4,,1008.6,
2021-07-13 00:00:00,27.7,20,32.2,3,,,5.6,,1007.7,
2021-07-14 00:00:00,27.7,23.6,32.4,5.1,,,4.8,,1007.6,
2021-07-15 00:00:00,26.3,24.1,31.3,5.1,,,4.2,,1009.2,
2021-07-16 00:00:00,24.6,23.2,28.2,17.6,,,3.8,,1010.6,
2021-07-17 00:00:00,25.4,22.8,28.6,4,,,5.2,,1009.9,
2021-07-18 00:00:00,27.5,23,31.4,0,,,9,,1008.5,
2021-07-19 00:00:00,27.1,24.4,32.2,0,,,8.6,,1009.5,
2021-07-20 00:00:00,27.7,22.4,32.6,0,,,5.7,,1010.2,
2021-07-21 00:00:00,27.7,24.2,32,2.4,,,6.3,,1010.5,
2021-07-22 00:00:00,27,23.5,31.5,5.3,,,8.1,,1010,
2021-07-23 00:00:00,27.9,24.1,32.5,0,,,10.9,,1009.1,
2021-07-24 00:00:00,28.1,23.6,32.4,0,,,10.2,,1010,
2021-07-25 00:00:00,27.6,23,32.7,0,,,9.4,,1010.1,
2021-07-26 00:00:00,27.5,24.9,32.4,0.1,,,11.8,,1009.3,
2021-07-27 00:00:00,26.7,23.4,32,0.4,,,10.5,,1009.4,
2021-07-28 00:00:00,28.3,21.9,33.3,0.4,,,11,,1009.3,
2021-07-29 00:00:00,28.1,24,32.8,0,,,9.2,,1009.7,
2021-07-30 00:00:00,27.2,23.5,33.5,3.7,,,7.1,,1010.4,
2021-07-31 00:00:00,26.9,23.9,33.6,6.6,,,5.3,,1010.9,
2021-08-01 00:00:00,27.2,22.3,33.8,2.8,,,7.2,,1009.5,
2021-08-02 00:00:00,27.9,22.5,33,3.5,,,6.8,,1009.5,
2021-08-03 00:00:00,26.2,23.3,31.5,9.7,,,4.8,,1011.2,
2021-08-04 00:00:00,27.8,22.4,32.4,0.1,,,9.2,,1011.7,
2021-08-05 00:00:00,27.4,23,32.9,5.9,,,7.7,,1011.3,
2021-08-06 00:00:00,27.2,22.8,31.4,21.7,,,6.8,,1012.1,
2021-08-07 00:00:00,27.3,23.7,32.1,3.6,,,8.5,,1012.3,
2021-08-08 00:00:00,28.1,24.1,33.4,2.8,,,7.9,,1011.7,
2021-08-09 00:00:00,26.8,24.3,32.4,1.4,,,7.3,,1010.5,
2021-08-10 00:00:00,27,22.4,32.7,0.2,,,8.4,,1010.3,
2021-08-11 00:00:00,27.5,22.3,32.8,2,,,8.4,,1011,
2021-08-12 00:00:00,26.3,23,33,2.5,,,5.4,,1011.1,
2021-08-13 00:00:00,26.7,24.2,32.9,4.5,,,6,,1009.8,
2021-08-14 00:00:00,27.6,23.3,33.5,3.7,,,7.4,,1009.7,
2021-08-15 00:00:00,27,23,33,4.1,,,7.9,,1010.6,
2021-08-16 00:00:00,26.2,23.1,33.4,3.9,,,6.6,,1011.1,
2021-08-17 00:00:00,27,22.9,33.5,3.4,,,6.3,,1010.3,
2021-08-18 00:00:00,28,22.7,33.6,2.1,,,7,,1008.5,
2021-08-19 00:00:00,25.9,23.1,31.8,14.9,,,5.3,,1009,
2021-08-20 00:00:00,25.6,23.4,32,10.1,,,4.4,,1009.9,
2021-08-21 00:00:00,26.2,23,32.1,5.4,,,5.3,,1009.9,
2021-08-22 00:00:00,27.1,22.6,32.6,7.9,,,6.5,,1009.7,
2021-08-23 00:00:00,26.5,23,32,1.6,,,6.3,,1009.9,
2021-08-24 00:00:00,25.8,23.5,32.5,11.2,,,4.4,,1009.7,
2021-08-25 00:00:00,26.9,23,31.9,7,,,4.8,,1009.6,
2021-08-26 00:00:00,26.8,23.1,32.9,6.2,,,5.3,,1008.6,
2021-08-27 00:00:00,26.4,24,33.7,6.8,,,3.8,,1008.5,
2021-08-28 00:00:00,26.4,24,31.1,6.8,,,6.4,,1008.7,
2021-08-29 00:00:00,26.9,23.8,32.8,6.4,,,4.2,,1008.1,
2021-08-30 00:00:00,26.8,23.9,32.5,4.9,,,6.2,,1008.9,
2021-08-31 00:00:00,27.5,24.2,32.7,3.4,,,5.8,,1009.4,
2021-09-01 00:00:00,27,24,31.3,4.6,,,4.9,,1009.3,
2021-09-02 00:00:00,26.4,23.7,32.5,10.3,,,5,,1009.1,
2021-09-03 00:00:00,27.1,23.4,30.7,5,,,5.4,,1008.4,
2021-09-04 00:00:00,24.4,23.1,29.2,3.9,,,3.7,,1009.8,
2021-09-05 00:00:00,25.6,22.8,30.8,9,,,3.8,,1010.2,
2021-09-06 00:00:00,26.9,23.8,32.5,7,,,4.5,,1010.4,
2021-09-07 00:00:00,27.1,23.6,31.3,4.2,,,8.8,,1009.6,
2021-09-08 00:00:00,26,24.4,30.2,13.9,,,11.7,,1009.2,
2021-09-09 00:00:00,25.8,23.6,29.3,19.7,,,7.7,,1010.2,
2021-09-10 00:00:00,27.1,23.6,32.9,9.9,,,3.5,,1010.3,
2021-09-11 00:00:00,26.3,24.2,31.6,5.3,,,3.4,,1009.6,
2021-09-12 00:00:00,25.2,24,27.7,7,,,3,,1009.5,
2021-09-13 00:00:00,26.4,23.3,31.2,9.3,,,4,,1010.5,
2021-09-14 00:00:00,27.6,23.8,33.1,2.1,,,5.9,,1010.3,
2021-09-15 00:00:00,26.1,23.7,31.6,15,,,3.8,,1010.6,
2021-09-16 00:00:00,24.6,23.5,29.9,66,,,3.4,,1010.7,
2021-09-17 00:00:00,26.7,23.2,30.2,2.6,,,4.9,,1009.5,
2021-09-18 00:00:00,27.2,23.4,30.4,2.4,,,10.1,,1009.6,
2021-09-19 00:00:00,27.6,23.6,31.8,3,,,9.7,,1009.6,
2021-09-20 00:00:00,26.7,23.6,30.4,52.8,,,4.3,,1009.8,
2021-09-21 00:00:00,26.4,24,32.4,21.3,,,3,,1009.8,
2021-09-22 00:00:00,24.9,23.7,30.4,11.4,,,3.2,,1010.4,
2021-09-23 00:00:00,26.4,23.2,33.9,7.2,,,3.5,,1010.4,
2021-09-24 00:00:00,26.8,23.4,33,0.1,,,4.8,,1009.8,
2021-09-25 00:00:00,27.4,24.1,32.6,2.5,,,5.7,,1008.6,
2021-09-26 00:00:00,27.7,24.4,32.9,0,,,8.2,,1007.9,
2021-09-27 00:00:00,27.1,23,32.6,0,,,7,,1007.9,
2021-09-28 00:00:00,27.6,22.8,33.2,4.1,,,6.4,,1008,
2021-09-29 00:00:00,28.6,24.1,33,4.4,,,6.5,,1008.3,
2021-09-30 00:00:00,27.2,24,33.6,4.7,,,5.8,,1008.7,
2021-10-01 00:00:00,25.4,23.9,33.9,9.6,,,4.7,,1009.2,
2021-10-02 00:00:00,26.8,23.4,32.5,6.1,,,4.4,,1009,
2021-10-03 00:00:00,26.1,23.7,33.2,8.2,,,4.6,,1008.2,
2021-10-04 00:00:00,27.6,23.4,32.2,11.9,,,4.2,,1007.8,
2021-10-05 00:00:00,27.5,24.7,33.2,0.1,,,7,,1006.6,
2021-10-06 00:00:00,27.6,23.2,34,0,,,7.5,,1007,
2021-10-07 00:00:00,27.9,21.5,33.2,0,,,8.2,,1007.7,
2021-10-08 00:00:00,28.6,22.4,34.3,0.1,,,7,,1008,
2021-10-09 00:00:00,27.4,23.2,34.1,1,,,5.4,,1008.3,
2021-10-10 00:00:00,28.2,23.5,34.3,0,,,7.4,,1007.4,
2021-10-11 00:00:00,28.4,24.8,33.7,1.7,,,7.6,,1006.4,
2021-10-12 00:00:00,27.3,24.4,33.8,2.1,,,6.7,,1006.8,
2021-10-13 00:00:00,29.1,22.9,34.8,0.4,,,5.9,,1007,
2021-10-14 00:00:00,29.2,24.9,35,3.1,,,4.3,,1007.7,
2021-10-15 00:00:00,28.9,23.6,35.2,0.1,,,6,,1007,
2021-10-16 00:00:00,29,23.9,35.8,0.9,,,5.9,,1007.8,
2021-10-17 00:00:00,28.4,24.1,33.8,5.3,,,4,,1008.8,
2021-10-18 00:00:00,27.6,23.9,34.3,7.4,,,3.9,,1010,
2021-10-19 00:00:00,27,24.1,32.7,11.6,,,5.8,,1011.8,
2021-10-20 00:00:00,28.4,24.1,33.3,1.4,,,6,,1011.3,
2021-10-21 00:00:00,26.4,23.5,30.7,5.6,,,5,,1010.6,
2021-10-22 00:00:00,26.8,24.3,32.5,8.6,,,4.2,,1011,
2021-10-23 00:00:00,27,23.6,32.3,11.9,,,4.4,,1010.7,
2021-10-24 00:00:00,27.9,24.3,33.5,1,,,5.3,,1009.9,
2021-10-25 00:00:00,27.9,23.6,34.5,0.8,,,5.3,,1009,
2021-10-26 00:00:00,27.8,24.2,33.6,6.1,,,4.1,,1009.2,
2021-10-27 00:00:00,27.2,24.1,33.6,2.8,,,4.1,,1009.9,
2021-10-28 00:00:00,28.3,23.2,34,5.4,,,4.3,,1009.4,
2021-10-29 00:00:00,26.6,23.8,32.5,8.5,,,4.1,,1010.7,
2021-10-30 00:00:00,26.1,24,33.4,5.7,,,4.1,,1011.4,
2021-10-31 00:00:00,25.3,24,29.1,4.4,,,4.3,,1010.9,
2021-11-01 00:00:00,27.6,23.2,33.6,0.7,,,4.3,,1009.8,
2021-11-02 00:00:00,28.5,23.2,34.6,12.1,,,3.8,,1009.6,
2021-11-03 00:00:00,27.3,24.2,33.5,5.6,,,3.7,,1009.1,
2021-11-04 00:00:00,26.9,23.5,33.5,9.8,,,4.7,,1008.8,
2021-11-05 00:00:00,27,23.2,32.8,4.8,,,3.8,,1008.3,
2021-11-06 00:00:00,26.9,23.5,33.5,2.6,,,5.4,,1007,
2021-11-07 00:00:00,27.9,23.8,33.4,5.4,,,4.1,,1006.6,
2021-11-08 00:00:00,26.9,23.9,32.8,4.7,,,5,,1007.5,
2021-11-09 00:00:00,26.7,23.3,30,6.5,,,3.4,,1007.9,
2021-11-10 00:00:00,27.9,23.4,33.3,5.6,,,4.8,,1007.8,
2021-11-11 00:00:00,27.6,24.3,31.7,9.6,,,4.3,,1007.9,
2021-11-12 00:00:00,27.4,24.4,31.6,3.8,,,3.8,,1008.5,
2021-11-13 00:00:00,27.3,24.2,33,20.4,,,3.7,,1009.3,
2021-11-14 00:00:00,27.4,24.1,31.3,8.6,,,4,,1009,
2021-11-15 00:00:00,27.1,23.5,33.1,6.5,,,4.4,,1008.4,
2021-11-16 00:00:00,27.3,23.1,32,7.4,,,5.3,,1008.1,
2021-11-17 00:00:00,27.8,23.6,33.2,15.1,,,4.4,,1008.5,
2021-11-18 00:00:00,27.7,24.6,32.7,4.6,,,4.4,,1007.2,
2021-11-19 00:00:00,26.7,23.6,34.2,1.8,,,3.9,,1006.7,
2021-11-20 00:00:00,26.6,23.4,34.9,11.5,,,3.5,,1007.2,
2021-11-21 00:00:00,26.3,23.2,32.4,1.1,,,3.9,,1008.8,
2021-11-22 00:00:00,27.3,23.8,33.3,3.1,,,4.9,,1008.6,
2021-11-23 00:00:00,27.4,23.9,33.6,10.1,,,3.9,,1007.4,
2021-11-24 00:00:00,26.6,23.4,33.5,4.8,,,4.4,,1007.8,
2021-11-25 00:00:00,27,24.3,32.4,13.5,,,4.9,,1007.8,
2021-11-26 00:00:00,27.6,24.2,32.2,4.1,,,6,,1007.8,
2021-11-27 00:00:00,27.3,24.6,32,5.3,,,6.7,,1008.1,
2021-11-28 00:00:00,26.2,23.6,32.3,9.6,,,5.2,,1007.9,
2021-11-29 00:00:00,26.3,23.5,32.6,15,,,4.1,,1008.1,
2021-11-30 00:00:00,25.8,23.9,31.5,5,,,5,,1008.4,
2021-12-01 00:00:00,27,23.1,32.9,1.3,,,4,,1008.4,
2021-12-02 00:00:00,27.9,24.6,32.2,0,,,4,,1008.7,
2021-12-03 00:00:00,27.9,23.8,33.1,2.8,,,5.9,,1008.9,
2021-12-04 00:00:00,26.2,24,31.4,1.1,,,5.5,,1009.1,
2021-12-05 00:00:00,26.9,23.9,31.4,1.3,,,5.9,,1008.4,
2021-12-06 00:00:00,27.6,23.9,33.3,8,,,5.8,,1007.4,
2021-12-07 00:00:00,27.9,23.1,32.6,3.5,,,8.9,,1007.9,
2021-12-08 00:00:00,27.9,23.2,34.4,1.4,,,5.8,,1009.1,
2021-12-09 00:00:00,28.4,23.1,33.4,0.2,,,6.8,,1008.6,
2021-12-10 00:00:00,27.8,24,34.2,0.8,,,5.6,,1008.2,
2021-12-11 00:00:00,27.1,24,34.4,2.5,,,4.3,,1008.3,
2021-12-12 00:00:00,26.4,24.3,33.1,2.5,,,6.1,,1008.4,
2021-12-13 00:00:00,28,23.7,33.4,1.4,,,5.7,,1007.3,
2021-12-14 00:00:00,26.8,24.2,32.5,7.3,,,7.8,,1007.2,
2021-12-15 00:00:00,27.6,23,32.6,7.3,,,5.6,,1007.6,
2021-12-16 00:00:00,28.1,24.1,34.2,0.7,,,5.5,,1007.5,
2021-12-17 00:00:00,28.5,24.1,33.8,2.3,,,4.9,,1007.2,
2021-12-18 00:00:00,28.3,24.8,33.5,2.2,,,6.2,,1008,
2021-12-19 00:00:00,27.5,24.6,32.8,4.6,,,4.5,,1009.6,
2021-12-20 00:00:00,26.4,23.6,31.7,5.9,,,6.1,,1010.5,
2021-12-21 00:00:00,26.4,24.2,31.4,5,,,6.6,,1010.5,
2021-12-22 00:00:00,27.3,23.5,32.5,0,,,7.1,,1009.7,
2021-12-23 00:00:00,26.5,24,31.6,0.3,,,7.6,,1008.7,
2021-12-24 00:00:00,27.2,23.8,32.4,0.5,,,8.7,,1008.6,
2021-12-25 00:00:00,27.1,23.9,31.7,2,,,8,,1008.9,
2021-12-26 00:00:00,27.5,24.4,31.5,0.7,,,11.1,,1009.4,
2021-12-27 00:00:00,28.1,24.5,31.8,1.6,,,7.5,,1010.2,
2021-12-28 00:00:00,25.4,23.8,29.1,2.4,,,9.1,,1010.3,
2021-12-29 00:00:00,27.1,22.7,31.7,0.1,,,8.2,,1009.6,
2021-12-30 00:00:00,27,23.6,30.8,0.7,,,7.2,,1009.8,
2021-12-31 00:00:00,25.7,23.6,29.4,3.1,,,6.2,,1009.9,
2022-01-01 00:00:00,26.2,23.9,30.8,3.3,,,6.3,,1009.8,
2022-01-02 00:00:00,27,23.2,31.2,1,,,3.9,,1009.6,
2022-01-03 00:00:00,25.8,23.6,29.4,4.3,,,5.4,,1009.4,
2022-01-04 00:00:00,26.7,23.4,31.4,15,,,6.6,,1009.9,
2022-01-05 00:00:00,26.1,23.8,31.2,4.3,,,5.6,,1009.4,
2022-01-06 00:00:00,26.5,23.1,29.8,5.2,,,5.4,,1010.3,
2022-01-07 00:00:00,26.4,22.9,31.6,13.9,,,5.2,,1010.9,
2022-01-08 00:00:00,25.7,23,31.9,10.6,,,6.1,,1010.8,
2022-01-09 00:00:00,27.4,22.6,32.7,1.3,,,5.5,,1009.1,
2022-01-10 00:00:00,27.4,23.2,33.1,0.9,,,5.3,,1009.5,
2022-01-11 00:00:00,27.3,23.1,32.9,5.1,,,4.8,,1010.3,
2022-01-12 00:00:00,27.3,23.6,32.4,2.1,,,4.3,,1010.1,
2022-01-13 00:00:00,27.3,22.8,32.5,9.1,,,5.1,,1010,
2022-01-14 00:00:00,27.4,22.8,33,0.6,,,9.5,,1009.8,
2022-01-15 00:00:00,26.4,23.6,30.7,9.1,,,6.2,,1010,
2022-01-16 00:00:00,26.4,23.3,30.2,2.8,,,7.2,,1010.2,
2022-01-17 00:00:00,25.9,23.2,30,3.2,,,6.3,,1009.3,
2022-01-18 00:00:00,27.4,22.5,32,11.8,,,5.2,,1008.2,
2022-01-19 00:00:00,27.1,23.6,31.9,5.1,,,5.8,,1007.5,
2022-01-20 00:00:00,26.7,23.1,32.2,0.9,,,6.2,,1007.5,
2022-01-21 00:00:00,25.1,23.4,29.7,0.8,,,8,,1008.9,
2022-01-22 00:00:00,27.2,23.2,32.6,0.1,,,5.7,,1008.2,
2022-01-23 00:00:00,27.7,24,32.2,1,,,6.7,,1007.5,
2022-01-24 00:00:00,27.8,23.8,32.3,1.7,,,6.9,,1006.8,
2022-01-25 00:00:00,25.6,23.3,31.4,9.1,,,5.2,,1007.1,
2022-01-26 00:00:00,27.2,23.4,33.2,0.5,,,4.4,,1007.6,
2022-01-27 00:00:00,26.4,23.3,34.9,3.5,,,4,,1008.7,
2022-01-28 00:00:00,26.7,23.4,32.2,12.6,,,4.2,,1009.7,
2022-01-29 00:00:00,26.3,23.4,31.6,2.8,,,5.7,,1009.6,
2022-01-30 00:00:00,27.6,23.5,32.2,0.5,,,5.4,,1009.1,
2022-01-31 00:00:00,27.7,23.6,32.5,0.2,,,9.3,,1009,
2022-02-01 00:00:00,27.3,23.2,32.8,0.3,,,5.4,,1009,
2022-02-02 00:00:00,27.2,22.9,32.4,1.4,,,6.5,,1009,
2022-02-03 00:00:00,26.2,23,31.8,0.8,,,9.2,,1008.7,
2022-02-04 00:00:00,27,23.2,31.5,0.2,,,9.3,,1007.7,
2022-02-05 00:00:00,27.8,23.5,32.9,10.3,,,5.6,,1007.9,
2022-02-06 00:00:00,27.7,23.8,32.4,0,,,6.1,,1008.5,
2022-02-07 00:00:00,27,23.7,31.9,2.2,,,5,,1008.7,
2022-02-08 00:00:00,26.5,22.5,31.8,8.5,,,3.9,,1009.3,
2022-02-09 00:00:00,26.7,23.5,31,8.9,,,5.4,,1009,
2022-02-10 00:00:00,27.3,23.4,32.3,10,,,4.2,,1007.9,
2022-02-11 00:00:00,25.9,23.3,33.1,12.1,,,3.8,,1007.9,
2022-02-12 00:00:00,26.6,23.1,31.9,8.9,,,4.5,,1007.5,
2022-02-13 00:00:00,24.6,22.6,28.7,28.2,,,4.4,,1008.5,
2022-02-14 00:00:00,27.6,22.4,33,1.2,,,3.9,,1008,
2022-02-15 00:00:00,27.9,23,32.9,6.2,,,4.5,,1007.8,
2022-02-16 00:00:00,26.5,23,32.7,10.6,,,6.6,,1007.1,
2022-02-17 00:00:00,27.3,22.8,32,6.5,,,4.8,,1007.1,
2022-02-18 00:00:00,26.1,24.1,33,14.9,,,3.7,,1008.3,
2022-02-19 00:00:00,25.9,23.7,32.1,8.8,,,4.8,,1008.6,
2022-02-20 00:00:00,26.6,24.1,30.4,11.4,,,8.6,,1008.3,
2022-02-21 00:00:00,25.3,23.4,27.6,6.5,,,8.9,,1008.8,
2022-02-22 00:00:00,24.7,23.3,29.4,1.6,,,6.7,,1009.6,
2022-02-23 00:00:00,26.8,21.9,31.3,0.1,,,7.3,,1010.3,
2022-02-24 00:00:00,27.1,22.9,31.2,0.4,,,9.5,,1010.4,
2022-02-25 00:00:00,25.1,23.3,28.6,0.1,,,8.5,,1010.6,
2022-02-26 00:00:00,26.4,23.2,32.1,0.6,,,8.6,,1009.6,
2022-02-27 00:00:00,26.9,23.4,31.9,1.9,,,7.1,,1009.4,
2022-02-28 00:00:00,26,23.5,29.8,0.2,,,10.2,,1009.4,
2022-03-01 00:00:00,27.4,23.3,32.7,1.8,,,5.9,,1008.8,
2022-03-02 00:00:00,27.4,23.2,32.4,9.3,,,4.5,,1008.7,
2022-03-03 00:00:00,27.4,23.4,33.4,2.4,,,4.8,,1009.1,
2022-03-04 00:00:00,27.8,24,32.4,6.3,,,4.7,,1008.6,
2022-03-05 00:00:00,26.4,23,31.7,3.5,,,5.2,,1008.2,
2022-03-06 00:00:00,26.8,24,31.7,3.7,,,7.5,,1007.9,
2022-03-07 00:00:00,26.1,23.5,30.2,13,,,5.4,,1008,
2022-03-08 00:00:00,26.2,23.8,32.4,3.5,,,4.4,,1007.2,
2022-03-09 00:00:00,27.8,23.7,33.4,1.3,,,5.3,,1007.3,
2022-03-10 00:00:00,27.8,23.6,34.2,2.7,,,4.7,,1007.3,
2022-03-11 00:00:00,28.4,23.9,34.9,6.7,,,4.8,,1006.8,
2022-03-12 00:00:00,28.9,24.7,34.9,7.6,,,5.5,,1006.6,
2022-03-13 00:00:00,26.3,24,33.3,4.3,,,4.3,,1008,
2022-03-14 00:00:00,26.9,23.5,32.6,13.5,,,3.6,,1007.8,
2022-03-15 00:00:00,27.8,23.7,34.5,4.6,,,4.4,,1006.4,
2022-03-16 00:00:00,26.4,24,35.2,3.4,,,4.2,,1006.7,
2022-03-17 00:00:00,26.2,24,33.3,13.6,,,3.9,,1007.2,
2022-03-18 00:00:00,27.1,23.7,32,4.3,,,4.5,,1006.5,
2022-03-19 00:00:00,25.9,24.2,33.7,8.4,,,4.9,,1006.7,
2022-03-20 00:00:00,25.2,23.6,29.8,14.9,,,3.4,,1009.1,
2022-03-21 00:00:00,26.3,23.8,33.3,13.5,,,4.4,,1010,
2022-03-22 00:00:00,26.7,23.4,33.5,9.1,,,4.1,,1009.9,
2022-03-23 00:00:00,24.9,23.7,28.8,2.6,,,4.4,,1010.4,
2022-03-24 00:00:00,26.9,23.3,33.1,1.1,,,3.9,,1009.4,
2022-03-25 00:00:00,27.8,23.3,33.3,4.2,,,4.6,,1009.9,
2022-03-26 00:00:00,27.7,23.6,32.9,0.2,,,6.4,,1009.6,
2022-03-27 00:00:00,25.9,23.8,33.3,3.8,,,4.6,,1009.4,
2022-03-28 00:00:00,28.4,23.8,34.7,0,,,4.4,,1008.9,
2022-03-29 00:00:00,28.1,24.4,33.4,6.3,,,3.9,,1009.1,
2022-03-30 00:00:00,26.9,23.4,31.2,7.1,,,4.5,,1009.8,
2022-03-31 00:00:00,27.2,23,32.9,7.8,,,5.3,,1009.4,
2022-04-01 00:00:00,27.9,23.7,33,0.4,,,5.9,,1008.9,
2022-04-02 00:00:00,26.3,22.8,32.8,6,,,4.4,,1009.1,
2022-04-03 00:00:00,25.2,23.3,33,7.1,,,5.7,,1009.1,
2022-04-04 00:00:00,26.8,22.5,33,2.7,,,4.3,,1009.8,
2022-04-05 00:00:00,27.5,23.4,32.4,3.1,,,5.7,,1009.3,
2022-04-06 00:00:00,27.2,24.1,33.6,22.5,,,8.1,,1008.6,
2022-04-07 00:00:00,28.8,23.6,34.2,20.5,,,5,,1007.7,
2022-04-08 00:00:00,27.7,23.2,33.3,6.9,,,5,,1007.4,
2022-04-09 00:00:00,26.8,23.6,32.4,13.9,,,4.8,,1007.5,
2022-04-10 00:00:00,26.1,24,31.4,5.7,,,5.8,,1007.9,
2022-04-11 00:00:00,27.3,23.3,32.6,2.7,,,6.1,,1007.9,
2022-04-12 00:00:00,27.3,24.2,33.2,3.8,,,5.6,,1007.2,
2022-04-13 00:00:00,27.1,23,32.2,1.2,,,4.5,,1007.4,
2022-04-14 00:00:00,28.2,23.8,34.3,0.4,,,4.7,,1007.9,
2022-04-15 00:00:00,27.1,24.6,33.3,1.6,,,3.7,,1008.3,
2022-04-16 00:00:00,27.1,24.5,33.5,10,,,4.1,,1008.2,
2022-04-17 00:00:00,25.8,24.1,30.4,14.6,,,3.7,,1008.7,
2022-04-18 00:00:00,27.9,23.2,33.5,0.8,,,4.8,,1008.5,
2022-04-19 00:00:00,28.5,23.4,34.2,4.3,,,4,,1008.4,
2022-04-20 00:00:00,26.6,24,33.8,5.1,,,3.6,,1009.1,
2022-04-21 00:00:00,26.7,23.8,33.5,2.6,,,3.9,,1009,
2022-04-22 00:00:00,27,24.1,33.3,10.5,,,3.9,,1009.2,
2022-04-23 00:00:00,27.6,24.6,31.9,5,,,5.8,,1008.6,
2022-04-24 00:00:00,27.7,24.3,34,2.3,,,5,,1007.1,
2022-04-25 00:00:00,27.9,24.2,33.4,10.9,,,4.8,,1007,
2022-04-26 00:00:00,26.8,23.5,32.8,11.6,,,4.5,,1007,
2022-04-27 00:00:00,25.4,23.8,28.9,2.3,,,3,,1007.7,
2022-04-28 00:00:00,27.8,24,33.3,10.1,,,3.5,,1008.2,
2022-04-29 00:00:00,27.1,24.2,33,13.6,,,3.9,,1009,
2022-04-30 00:00:00,27.1,24.2,31.6,3.6,,,4.3,,1008.8,
2022-05-01 00:00:00,27.4,24.5,34.1,4.5,,,2.8,,1007.7,
2022-05-02 00:00:00,27.6,24.2,34.1,2.4,,,5.3,,1007.7,
2022-05-03 00:00:00,27.9,23,34.7,0.7,,,3.6,,1007.9,
2022-05-04 00:00:00,27.3,23.9,34,5.3,,,5,,1007.9,
2022-05-05 00:00:00,27.2,24.3,32.4,6.9,,,4.1,,1008,
2022-05-06 00:00:00,28.5,24.7,34,2,,,5.5,,1007.2,
2022-05-07 00:00:00,27,24.9,32.3,5.1,,,3.3,,1007.2,
2022-05-08 00:00:00,27.9,25,32.7,12.5,,,4.2,,1006.9,
2022-05-09 00:00:00,26.6,24.3,31.6,14.5,,,3.6,,1007.6,
2022-05-10 00:00:00,26.3,24.4,31.6,44.8,,,4.8,,1008.6,
2022-05-11 00:00:00,27.3,24.6,32.4,6.1,,,3.9,,1007.9,
2022-05-12 00:00:00,28.5,24.1,34.1,6.3,,,4.1,,1007.8,
2022-05-13 00:00:00,27.8,24.8,31.4,18,,,4.6,,1009.3,
2022-05-14 00:00:00,26.2,24.2,32.5,18.5,,,4.3,,1010.8,
2022-05-15 00:00:00,27.6,23.6,32.6,0.7,,,4.2,,1010.1,
2022-05-16 00:00:00,26.7,23.6,33.4,6,,,3.8,,1009.6,
2022-05-17 00:00:00,26.5,23.6,34,8.5,,,3.7,,1010.1,
2022-05-18 00:00:00,26.3,23.8,31,7.9,,,4.6,,1011.3,
2022-05-19 00:00:00,26.8,23.6,34,3.3,,,3.8,,1010.7,
2022-05-20 00:00:00,28,23.6,33.6,5.6,,,6,,1009.4,
2022-05-21 00:00:00,26.5,23.8,30.6,20.3,,,4.2,,1009.2,
2022-05-22 00:00:00,27.8,24,33,17.2,,,3.5,,1008.4,
2022-05-23 00:00:00,26.9,24.3,33.4,10.5,,,3.4,,1009.3,
2022-05-24 00:00:00,25.8,23.8,30.4,2.1,,,3.7,,1010.5,
2022-05-25 00:00:00,26.9,23,33.3,0.3,,,5.1,,1009.3,
2022-05-26 00:00:00,26.7,22,33.4,14,,,5.8,,1008.3,
2022-05-27 00:00:00,26.6,23.2,31.7,,,,3.8,,1009.3,
2022-05-28 00:00:00,27.1,24.6,30.6,8.4,,,3.9,,1009.5,
2022-05-29 00:00:00,26.1,24.4,30.6,7.3,,,4,,1009.2,
2022-05-30 00:00:00,26.2,23.2,30.1,1,,,3.4,,1009.3,
2022-05-31 00:00:00,27.1,23.8,33.8,0,,,4.3,,1008.6,
2022-06-01 00:00:00,27.8,22.9,33.8,0.2,,,6.5,,1008.5,
2022-06-02 00:00:00,27.6,23.6,32.9,1,,,6.9,,1008.9,
2022-06-03 00:00:00,26.4,22.7,34.6,17.4,,,3.7,,1009.2,
2022-06-04 00:00:00,27,23.9,32.8,6,,,4.3,,1010,
2022-06-05 00:00:00,26.2,23.4,32.9,2.3,,,4.3,,1009.4,
2022-06-06 00:00:00,27.7,23.6,33.4,3.3,,,4.3,,1008.3,
2022-06-07 00:00:00,26.9,23.8,33,8,,,5.3,,1008.9,
2022-06-08 00:00:00,27.6,23.8,32.4,3.6,,,4.1,,1008.8,
2022-06-09 00:00:00,27.1,24.1,33.2,12.6,,,4.4,,1008.6,
2022-06-10 00:00:00,27.4,23.6,32.9,6.9,,,8.5,,1008.8,
2022-06-11 00:00:00,26.9,23.5,34.2,4.5,,,3.9,,1009.2,
2022-06-12 00:00:00,26.5,23.8,32.6,4.4,,,3.5,,1009.3,
2022-06-13 00:00:00,26.8,24.2,31.8,4.3,,,4.6,,1009.4,
2022-06-14 00:00:00,26.3,23.8,32.6,10.7,,,3.9,,1010.1,
2022-06-15 00:00:00,26.1,23.9,32.8,11.6,,,4,,1010,
2022-06-16 00:00:00,27.5,24.1,32.2,12.8,,,4.1,,1009.5,
2022-06-17 00:00:00,27.1,23.8,32.6,1.9,,,4.7,,1008.9,
2022-06-18 00:00:00,25.3,23.4,33.7,4.4,,,4.5,,1009.1,
2022-06-19 00:00:00,25.6,23.3,31,14,,,4.4,,1009.3,
2022-06-20 00:00:00,27.1,23.4,32,2.3,,,5.7,,1008,
2022-06-21 00:00:00,27.7,22.4,32.6,1.2,,,7.1,,1007.8,
2022-06-22 00:00:00,27,23.8,32.6,7.2,,,4.9,,1009.5,
2022-06-23 00:00:00,26.8,23.4,32.2,13.7,,,4.1,,1009.7,
2022-06-24 00:00:00,27.2,23.2,32.7,7.4,,,4.8,,1008.6,
2022-06-25 00:00:00,27.1,23,32.8,1.1,,,5.1,,1007.8,
2022-06-26 00:00:00,27.6,23.4,33.2,1.2,,,4.8,,1008.5,
2022-06-27 00:00:00,25.9,24.2,32.8,6.3,,,5.3,,1008.9,
2022-06-28 00:00:00,26.4,23.2,32.6,7.5,,,3.8,,1008,
2022-06-29 00:00:00,27.2,23.8,31.9,0,,,3.5,,1006.9,
2022-06-30 00:00:00,26.4,23.5,31.2,22.7,,,4.4,,1007.8,
2022-07-01 00:00:00,26.9,23.4,33.1,2.8,,,5.8,,1008.5,
2022-07-02 00:00:00,27.2,23.6,31.1,2.4,,,3.7,,1008.6,
2022-07-03 00:00:00,27,23.9,32.4,16,,,5.7,,1007.7,
2022-07-04 00:00:00,26.9,24,32.1,4.8,,,6.7,,1007.6,
2022-07-05 00:00:00,26.6,24.2,31.5,4.7,,,4.9,,1008.7,
2022-07-06 00:00:00,28.1,24.2,33,2.1,,,6.8,,1009.1,
2022-07-07 00:00:00,26.2,23.5,29.2,24.1,,,5.1,,1009.8,
2022-07-08 00:00:00,26.4,23.8,30.4,1.4,,,3.9,,1008.7,
2022-07-09 00:00:00,26.2,23,32.2,5.5,,,7.5,,1008.4,
2022-07-10 00:00:00,26.6,22.3,31.1,16,,,6.5,,1009.4,
2022-07-11 00:00:00,27.5,24.2,31.9,4,,,7.5,,1009.7,
2022-07-12 00:00:00,26.6,24.2,29.9,0,,,7.6,,1009.2,
2022-07-13 00:00:00,27.1,23.4,32,1.8,,,7.4,,1008.5,
2022-07-14 00:00:00,26.3,22.9,31.9,15.8,,,5.9,,1009.3,
2022-07-15 00:00:00,25.1,22.7,28.4,1.6,,,5.3,,1009.9,
2022-07-16 00:00:00,26.6,22.6,31.4,0.6,,,10.2,,1009.6,
2022-07-17 00:00:00,26.6,23.2,32,8.8,,,7.2,,1010,
2022-07-18 00:00:00,23.9,23.3,25.5,21.1,,,5.8,,1010.7,
2022-07-19 00:00:00,26.6,22.5,31.6,0,,,7.2,,1008.8,
2022-07-20 00:00:00,26.6,23.6,32,0.5,,,7.1,,1009.2,
2022-07-21 00:00:00,27.2,22.2,32.8,3.7,,,5.4,,1009.4,
2022-07-22 00:00:00,27.6,22.6,32.8,0,,,8.1,,1009.6,
2022-07-23 00:00:00,26,23.4,30.8,8.7,,,6.4,,1009.4,
2022-07-24 00:00:00,27.4,23.6,31.8,0,,,10.6,,1008.1,
2022-07-25 00:00:00,27.6,23.3,31.8,0.1,,,9.8,,1008,
2022-07-26 00:00:00,26.9,24.8,32.6,2,,,8.8,,1008.4,
2022-07-27 00:00:00,25.9,23.8,30.3,10.9,,,6.5,,1008.3,
2022-07-28 00:00:00,25.8,23.4,30.8,7.2,,,7.1,,1008.8,
2022-07-29 00:00:00,26.7,23.8,31,6.6,,,8.9,,1008.5,
2022-07-30 00:00:00,24.8,23.5,31.4,2.8,,,8.6,,1008.3,
2022-07-31 00:00:00,26.2,22.7,32.2,11.9,,,5.2,,1008.4,
2022-08-01 00:00:00,26,23.8,31.9,7.1,,,4.1,,1008.6,
2022-08-02 00:00:00,26.7,23.4,32.7,16.4,,,3.4,,1009,
2022-08-03 00:00:00,25.7,23.2,32.1,3.9,,,7,,1008.9,
2022-08-04 00:00:00,27.9,23,32.2,1,,,8.2,,1008.8,
2022-08-05 00:00:00,28,22.9,32.9,0.1,,,6.6,,1008.5,
2022-08-06 00:00:00,25.1,23.6,32,11.6,,,5,,1009,
2022-08-07 00:00:00,26.3,22.9,32.3,4.8,,,3.9,,1009,
2022-08-08 00:00:00,25.4,23.1,31.4,1.7,,,3.9,,1009,
2022-08-09 00:00:00,27.1,23.4,32.1,8.3,,,4.2,,1008.9,
2022-08-10 00:00:00,28.9,23.6,33.9,3.8,,,4.1,,1009.2,
2022-08-11 00:00:00,27.7,23.7,32.7,0.7,,,4.6,,1009.7,
2022-08-12 00:00:00,27.9,24.2,34.2,15.2,,,4.3,,1009.5,
2022-08-13 00:00:00,27.8,23.3,32.7,0.1,,,8.3,,1009,
2022-08-14 00:00:00,27.2,23,31.9,7.3,,,7.4,,1009.2,
2022-08-15 00:00:00,27.5,23.9,32.7,7.1,,,6.9,,1009.6,
2022-08-16 00:00:00,26.3,23.4,30.9,3.4,,,5.8,,1011,
2022-08-17 00:00:00,27.3,23,32.6,1.2,,,6.7,,1010.7,
2022-08-18 00:00:00,25.2,23.6,31.6,1.2,,,6.1,,1010.4,
2022-08-19 00:00:00,27.4,22.1,32.2,0,,,11.4,,1009.4,
2022-08-20 00:00:00,26.8,23.1,32.3,0,,,13.8,,1009.7,
2022-08-21 00:00:00,27.2,21.7,32.7,0.5,,,9.9,,1008.6,
2022-08-22 00:00:00,24.6,22.8,29.3,1.6,,,10.2,,1009.1,
2022-08-23 00:00:00,26.5,23,31.7,3.5,,,10.1,,1009.5,
2022-08-24 00:00:00,27.2,23.2,32.2,1.5,,,8.7,,1009.4,
2022-08-25 00:00:00,26.7,23.3,32.3,3.5,,,6.9,,1009.1,
2022-08-26 00:00:00,27.5,23.6,32.3,5.2,,,7.4,,1008.5,
2022-08-27 00:00:00,27,23.9,32.5,5.5,,,7.4,,1008.1,
2022-08-28 00:00:00,27.4,23.6,32.9,3.5,,,7.8,,1008.1,
2022-08-29 00:00:00,25.8,24.2,31.5,12.6,,,4.9,,1008.6,
2022-08-30 00:00:00,26.1,23.7,31.7,9.2,,,4.1,,1008.3,
2022-08-31 00:00:00,26.8,23.5,32.4,3,,,6.1,,1008,
2022-09-01 00:00:00,25.3,23.4,31.8,19.1,,,5,,1009.4,
2022-09-02 00:00:00,27.1,23.3,32.6,0.5,,,8.3,,1008.9,
2022-09-03 00:00:00,26.6,23.6,32.8,11.7,,,4.9,,1008.6,
2022-09-04 00:00:00,26.9,23.9,32.6,19.9,,,4.2,,1009.2,
2022-09-05 00:00:00,25.2,23.6,29.9,33.9,,,4,,1010.1,
2022-09-06 00:00:00,24.9,23.2,29.8,22.4,,,4.2,,1010.9,
2022-09-07 00:00:00,26.5,23.2,31.4,3.9,,,4.5,,1010.8,
2022-09-08 00:00:00,26.7,23.8,32.5,2.7,,,5.5,,1010.7,
2022-09-09 00:00:00,27.6,22.9,32.6,1,,,6.5,,1010.9,
2022-09-10 00:00:00,27.1,23,32.7,14.9,,,5.5,,1010.8,
2022-09-11 00:00:00,26.4,24.1,31.8,11.2,,,3.5,,1010.4,
2022-09-12 00:00:00,26.3,23.3,32.2,1.5,,,4.7,,1009.8,
2022-09-13 00:00:00,27.7,23.2,32.9,1.5,,,7.8,,1010.7,
2022-09-14 00:00:00,26.9,24.1,32.3,2.2,,,8,,1011.4,
2022-09-15 00:00:00,27.4,23.1,32.6,4.3,,,6.6,,1010.4,
2022-09-16 00:00:00,26.4,22.9,33.3,0.9,,,4.4,,1009.6,
2022-09-17 00:00:00,26.7,22.7,32.3,0.3,,,7.4,,1010.1,
2022-09-18 00:00:00,27.1,22.7,33,0.3,,,5.7,,1009.9,
2022-09-19 00:00:00,27.9,23.1,33.4,4.3,,,5.5,,1009.3,
2022-09-20 00:00:00,27.4,23.8,33.5,3.3,,,4.6,,1009.5,
2022-09-21 00:00:00,27.3,23.7,32.6,5.2,,,4.4,,1010.1,
2022-09-22 00:00:00,25.5,23.4,33.2,4.9,,,4,,1010,
2022-09-23 00:00:00,27.4,22.1,32.9,3.1,,,4.8,,1008.5,
2022-09-24 00:00:00,27.1,23.8,32.8,11.6,,,5.1,,1008.3,
2022-09-25 00:00:00,27.3,23.1,33.2,0.7,,,7.7,,1008.1,
2022-09-26 00:00:00,26.8,21.6,33.2,0,,,9.2,,1008.2,
2022-09-27 00:00:00,27.7,21.8,34.9,0,,,7,,1007.8,
2022-09-28 00:00:00,26.8,23.1,35.1,0,,,4.7,,1007.6,
2022-09-29 00:00:00,26.5,23.2,33,6.7,,,4.5,,1008.4,
2022-09-30 00:00:00,26.4,23.7,33.3,4.5,,,3.6,,1009.5,
2022-10-01 00:00:00,27.1,24.2,32,5.4,,,4.8,,1008.8,
2022-10-02 00:00:00,25.8,23.5,32.7,5.9,,,5.2,,1007.8,
2022-10-03 00:00:00,27.4,23.4,33,2.5,,,4.7,,1007.9,
2022-10-04 00:00:00,27,23.6,33.6,5.8,,,4.9,,1008.8,
2022-10-05 00:00:00,26.7,24,31.6,7.7,,,3.5,,1009,
2022-10-06 00:00:00,27.1,23.7,32.2,4.9,,,5,,1008.9,
2022-10-07 00:00:00,28.2,23.8,33.4,2.4,,,4.5,,1008.5,
2022-10-08 00:00:00,26.4,24.6,33.2,12.1,,,4.2,,1008.9,
2022-10-09 00:00:00,26.4,23.6,32.1,7.2,,,4.2,,1009.6,
2022-10-10 00:00:00,25.8,23.3,32.7,19.7,,,4.3,,1009.8,
2022-10-11 00:00:00,26.1,23.4,31.9,16.8,,,4.9,,1009.4,
2022-10-12 00:00:00,28,23.7,33.9,6.9,,,6.7,,1008.5,
2022-10-13 00:00:00,27.3,23.7,32.7,1.1,,,6.2,,1007.9,
2022-10-14 00:00:00,28.2,24,33.5,0,,,6.4,,1007.2,
2022-10-15 00:00:00,27.6,24.1,33.6,0,,,5.9,,1007.7,
2022-10-16 00:00:00,27.5,24.2,34.2,0.8,,,5.4,,1008.9,
2022-10-17 00:00:00,24.8,24,33.6,10.7,,,4.5,,1009.2,
2022-10-18 00:00:00,26.3,23.3,33.4,12.3,,,4.2,,1008.9,
2022-10-19 00:00:00,27.3,24.7,31,7.9,,,4.2,,1009.9,
2022-10-20 00:00:00,27.4,24.4,34.7,3.8,,,4.5,,1010.4,
2022-10-21 00:00:00,27.9,24.4,34.3,5.9,,,4.5,,1010.2,
2022-10-22 00:00:00,27,24,34,8.8,,,4.1,,1010.2,
2022-10-23 00:00:00,27.4,24.1,32.4,3.8,,,4.8,,1008.8,
2022-10-24 00:00:00,26.7,24,32,3.3,,,4.1,,1008.8,
2022-10-25 00:00:00,25.2,24,33.6,3.6,,,5.2,,1009,
2022-10-26 00:00:00,27.5,24.1,33.2,7.5,,,4.7,,1008.5,
2022-10-27 00:00:00,26.7,24.3,30.7,14.3,,,3.6,,1007.6,
2022-10-28 00:00:00,27.1,23.7,33.2,1.9,,,6.3,,1006.4,
2022-10-29 00:00:00,27.4,23.7,32.1,10.4,,,7,,1006.7,
2022-10-30 00:00:00,27.9,23.8,32.6,0,,,6.6,,1006.8,
2022-10-31 00:00:00,27.8,24.8,32.7,0.7,,,5.6,,1007.7,
2022-11-01 00:00:00,26.2,24.2,34.5,8.1,,,3.9,,1008.6,
2022-11-02 00:00:00,26.3,23.7,32.9,11.7,,,3.8,,1009.7,
2022-11-03 00:00:00,27.7,23.6,33.5,3.6,,,4.3,,1009.7,
2022-11-04 00:00:00,27.3,24.1,33.8,2.6,,,4.4,,1010.3,
2022-11-05 00:00:00,27.9,24.4,33.8,2.2,,,3.9,,1010.7,
2022-11-06 00:00:00,26.2,24,33.6,7.1,,,4.6,,1010.2,
2022-11-07 00:00:00,25.5,23.8,31.8,12.5,,,3.6,,1009.8,
2022-11-08 00:00:00,25.6,23,33.7,3,,,4,,1009.4,
2022-11-09 00:00:00,27.3,23.1,33.5,0.2,,,4.1,,1009.4,
2022-11-10 00:00:00,26.5,24,32.7,2.3,,,4,,1008.8,
2022-11-11 00:00:00,27.6,24.2,33.4,0.4,,,4.4,,1008.3,
2022-11-12 00:00:00,27.2,23.7,33,8.7,,,4.7,,1007.9,
2022-11-13 00:00:00,26.6,23.7,32.7,11.3,,,4.6,,1008.2,
2022-11-14 00:00:00,26.8,23.9,33.2,1.9,,,4.1,,1007.6,
2022-11-15 00:00:00,27.1,24.3,33.1,12.3,,,4.6,,1007.7,
2022-11-16 00:00:00,25.4,24.1,29,14.3,,,4,,1007.6,
2022-11-17 00:00:00,27.8,23.6,32.9,3.6,,,4.1,,1006.9,
2022-11-18 00:00:00,27.3,24.3,32.9,6.3,,,4.5,,1007.6,
2022-11-19 00:00:00,27.1,24.1,31.3,12.7,,,4.5,,1007.7,
2022-11-20 00:00:00,28.3,24.1,33.4,2,,,4,,1007.2,
2022-11-21 00:00:00,26.6,24.6,32.7,5.1,,,3.6,,1008.1,
2022-11-22 00:00:00,25.8,24,30.5,7.4,,,4.4,,1009.2,
2022-11-23 00:00:00,26.2,23.4,32,3.4,,,3.3,,1009.5,
2022-11-24 00:00:00,26.2,23.8,33.4,5.8,,,5.6,,1010.1,
2022-11-25 00:00:00,26.8,23.5,33,11,,,3.7,,1010.8,
2022-11-26 00:00:00,27.1,23.3,32.8,13,,,4.5,,1009.9,
2022-11-27 00:00:00,26.6,23.1,33.2,6.2,,,4,,1008.8,
2022-11-28 00:00:00,26.9,23.1,32.4,1.1,,,4.7,,1008.5,
2022-11-29 00:00:00,27.8,22.6,32.4,10,,,4.5,,1008,
2022-11-30 00:00:00,26.9,23.6,32.2,0.2,,,7.1,,1007.2,
2022-12-01 00:00:00,27.1,24,32.2,4.7,,,4.9,,1006.6,
2022-12-02 00:00:00,27.1,23.7,33.2,4,,,4.9,,1006.1,
2022-12-03 00:00:00,26.9,23.9,33.2,2.6,,,4.3,,1006.8,
2022-12-04 00:00:00,26.2,24.2,30.8,4.4,,,4.2,,1007.9,
2022-12-05 00:00:00,26.7,23.4,32.4,4.6,,,4,,1008.1,
2022-12-06 00:00:00,27.2,23.9,33.6,3.1,,,3.9,,1007.5,
2022-12-07 00:00:00,28.2,22.6,33.5,0.6,,,4.5,,1007.3,
2022-12-08 00:00:00,27.4,23.1,33.4,0,,,4.9,,1006.9,
2022-12-09 00:00:00,28.2,22.9,34.1,11.1,,,4.6,,1006.6,
2022-12-10 00:00:00,27.5,23.8,33,3.3,,,4.1,,1007.2,
2022-12-11 00:00:00,27.2,23.9,33.4,3.9,,,4.2,,1007.9,
2022-12-12 00:00:00,27.9,24.4,32.4,3.7,,,4.1,,1008.2,
2022-12-13 00:00:00,27.5,23.7,33.2,18.3,,,4.6,,1008.5,
2022-12-14 00:00:00,27.2,24.1,31.6,3.3,,,5.1,,1008.6,
2022-12-15 00:00:00,26.4,24.2,31,4.8,,,5.5,,1006.9,
2022-12-16 00:00:00,26.9,23.5,31.7,4.5,,,6.2,,1006,
2022-12-17 00:00:00,25.5,23.5,30.5,8.8,,,7.4,,1006.5,
2022-12-18 00:00:00,25.9,23.1,29.2,8.6,,,4.1,,1006.2,
2022-12-19 00:00:00,27.4,23,32.8,3.5,,,4.4,,1005.1,
2022-12-20 00:00:00,27.2,23.5,33,6.5,,,3.8,,1004.9,
2022-12-21 00:00:00,27.2,23.6,33.4,0,,,4.3,,1004.3,
2022-12-22 00:00:00,28,23.4,33.9,1.9,,,5.8,,1004.1,
2022-12-23 00:00:00,28.4,24.1,33.7,1.9,,,4.9,,1004.8,
2022-12-24 00:00:00,28.4,24.2,34.4,40.6,,,4.1,,1006.6,
2022-12-25 00:00:00,27.4,24.4,32.6,1,,,6.1,,1007.9,
2022-12-26 00:00:00,27.8,23.8,34.9,0,,,5.9,,1009.1,
2022-12-27 00:00:00,26.2,23.7,32.3,0.7,,,6.4,,1010.1,
2022-12-28 00:00:00,27.2,24.2,32.4,3.1,,,5.2,,1009.7,
2022-12-29 00:00:00,27.4,24.4,32.3,0.5,,,5,,1009.7,
2022-12-30 00:00:00,26.2,24.1,32.5,3.4,,,6.7,,1010.3,
2022-12-31 00:00:00,27.3,23.6,31.2,0,,,7.9,,1009.9,
2023-01-01 00:00:00,27.8,23.8,32,0,,,9.3,,1009.3,
2023-01-02 00:00:00,27.4,23.8,32.7,0,,,7.6,,1008.4,
2023-01-03 00:00:00,27.8,23.6,34.4,3.6,,,6,,1007.8,
2023-01-04 00:00:00,28.2,23.8,34,0.3,,,6.7,,1007.8,
2023-01-05 00:00:00,28.5,24.6,34.7,0.9,,,5.8,,1008.7,
2023-01-06 00:00:00,26.7,23,29.2,2.2,,,6.1,,1009,
2023-01-07 00:00:00,26.9,24,30.6,0.2,,,7.8,,1008.8,
2023-01-08 00:00:00,27.1,24.7,31.9,1.8,,,9.9,,1009.6,
2023-01-09 00:00:00,26.5,24.4,31.7,11.2,,,5.7,,1010.5,
2023-01-10 00:00:00,25,22.8,33.7,10.2,,,5.4,,1010.1,
2023-01-11 00:00:00,26.6,22.6,31.6,0.5,,,9.7,,1009.2,
2023-01-12 00:00:00,24.9,23.6,29.3,10.1,,,8.8,,1009.5,
2023-01-13 00:00:00,26.7,22.7,34,1.2,,,9.6,,1008.5,
2023-01-14 00:00:00,27.7,23.5,33.8,2.7,,,9.2,,1007.6,
2023-01-15 00:00:00,27.5,23.5,32.1,1,,,11,,1007.1,
2023-01-16 00:00:00,27.3,23.5,33.6,1.5,,,8.5,,1008.3,
2023-01-17 00:00:00,26.5,23.2,32.5,2.6,,,5.8,,1009.8,
2023-01-18 00:00:00,26.2,23.3,33.5,7.2,,,9,,1010,
2023-01-19 00:00:00,26.9,23.4,32.2,14.1,,,11.4,,1009.2,
2023-01-20 00:00:00,26.3,22.6,31.4,4.1,,,11.4,,1008.5,
2023-01-21 00:00:00,26.5,23.7,30.4,10,,,10.1,,1008.3,
2023-01-22 00:00:00,26.9,23.7,31.9,0.1,,,15,,1006.9,
2023-01-23 00:00:00,26.6,23.7,31.7,3.6,,,13.3,,1006.2,
2023-01-24 00:00:00,27.1,22.9,32.9,2.6,,,12.4,,1006,
2023-01-25 00:00:00,27.1,23.4,32,2.4,,,15.7,,1006.3,
2023-01-26 00:00:00,26.5,23.9,30,7.8,,,10.5,,1007.2,
2023-01-27 00:00:00,26.2,24,30.5,2.5,,,11.3,,1007.1,
2023-01-28 00:00:00,25.9,23.7,32.5,3,,,13,,1006.4,
2023-01-29 00:00:00,27.3,23.5,32.4,8.2,,,10.6,,1007.5,
2023-01-30 00:00:00,27.3,24.2,32.7,1,,,12.5,,1008.1,
2023-01-31 00:00:00,26.5,23.5,30.7,7.7,,,13.2,,1008,
2023-02-01 00:00:00,25.2,23.4,27.3,20.1,,,17.2,,1008.3,
2023-02-02 00:00:00,24.8,23.4,28.3,10.8,,,17,,1009,
2023-02-03 00:00:00,26.2,23.4,30.2,9.7,,,13.7,,1008.6,
2023-02-04 00:00:00,27.3,22.5,33,7.3,,,12.8,,1008.2,
2023-02-05 00:00:00,27.7,23.8,32,6.2,,,12.1,,1007.9,
2023-02-06 00:00:00,27.2,24,33,0,,,14.5,,1007.7,
2023-02-07 00:00:00,26.2,23.9,32.4,0.2,,,14.1,,1008.4,
2023-02-08 00:00:00,24.8,23.7,27.4,6.6,,,17.4,,1009.2,
2023-02-09 00:00:00,27.6,22.5,32.8,0.2,,,15.1,,1008.5,
2023-02-10 00:00:00,28,23.2,32.2,0,,,15.7,,1008.3,
2023-02-11 00:00:00,28.2,23.2,32.6,0,,,18.7,,1008.4,
2023-02-12 00:00:00,28.1,23.7,32.6,0.1,,,13.8,,1008.6,
2023-02-13 00:00:00,26.3,23.1,33.3,1.8,,,14.9,,1008.2,
2023-02-14 00:00:00,27,22.6,32.4,4.2,,,16.5,,1007.5,
2023-02-15 00:00:00,26.9,24.6,31.5,1.1,,,17.2,,1007.5,
2023-02-16 00:00:00,26.9,22.7,32.5,0.2,,,15.6,,1008.6,
2023-02-17 00:00:00,27.1,22.7,32.5,8.9,,,14.2,,1008.3,
2023-02-18 00:00:00,26.3,23.6,32.4,3.5,,,12,,1008,
2023-02-19 00:00:00,27.1,23.6,32.8,3.1,,,9.7,,1008.1,
2023-02-20 00:00:00,25.8,23.6,32.4,9,,,7.9,,1008.7,
2023-02-21 00:00:00,26.5,23.2,32.7,3.9,,,12.5,,1009.1,
2023-02-22 00:00:00,26.4,24.1,31.9,0.6,,,14.6,,1009,
2023-02-23 00:00:00,27.8,23.9,32.3,0,,,16.3,,1007.6,
2023-02-24 00:00:00,27.5,23.7,31.6,6.2,,,11.7,,1008.2,
2023-02-25 00:00:00,27.3,23.4,32.8,1.5,,,13,,1009.4,
2023-02-26 00:00:00,26.1,23.9,31.4,0.1,,,19.8,,1009.8,
2023-02-27 00:00:00,26.9,24.2,31.1,10.6,,,10.2,,1010.4,
2023-02-28 00:00:00,27.1,24.1,32.6,1.5,,,7,,1010.5,
2023-03-01 00:00:00,27.1,21.8,33.2,0.2,,,12.1,,1010.4,
2023-03-02 00:00:00,26.2,21.9,32.4,2.3,,,17.9,,1011.3,
2023-03-03 00:00:00,25.8,23.3,31,11.6,,,11.9,,1012.2,
2023-03-04 00:00:00,26.8,23.5,33.3,5.1,,,13.8,,1012.4,
2023-03-05 00:00:00,26.4,23.4,31.1,7.7,,,15.5,,1012.2,
2023-03-06 00:00:00,28.2,23.3,32.4,1,,,13.8,,1011.4,
2023-03-07 00:00:00,27.5,24.3,32.9,4.2,,,13.9,,1011,
2023-03-08 00:00:00,28.6,24.1,33.2,1.8,,,13.5,,1011.3,
2023-03-09 00:00:00,28.2,22.7,33.4,2.5,,,6.3,,1010.4,
2023-03-10 00:00:00,28.1,23.4,34.1,1.6,,,7.6,,1009.4,
2023-03-11 00:00:00,27.7,23.7,33.8,4.4,,,7.9,,1009.8,
2023-03-12 00:00:00,27.7,23.6,32.8,12.3,,,8.8,,1009.5,
2023-03-13 00:00:00,26.4,23.7,31.8,12.2,,,8.1,,1009.1,
2023-03-14 00:00:00,27.1,23.2,32.6,4.3,,,9.1,,1008.8,
2023-03-15 00:00:00,26.7,23,34,1.4,,,6.9,,1010.1,
2023-03-16 00:00:00,27.6,23.4,33.2,12.5,,,6.9,,1010.6,
2023-03-17 00:00:00,26.4,23.5,32.3,3.9,,,6.2,,1010.1,
2023-03-18 00:00:00,26.5,23.3,34.1,10.4,,,10.7,,1009.8,
2023-03-19 00:00:00,27.6,23.5,33.2,4,,,6.3,,1009,
2023-03-20 00:00:00,27.7,23.6,32.5,6.5,,,7.1,,1008.1,
2023-03-21 00:00:00,26.9,24,32.2,4.1,,,7,,1008.6,
2023-03-22 00:00:00,26.1,23,30.8,1.1,,,5.3,,1008.8,
2023-03-23 00:00:00,28.2,22.9,34.3,4.1,,,5.5,,1008.6,
2023-03-24 00:00:00,27.1,23,33.5,2.6,,,6.8,,1009,
2023-03-25 00:00:00,25.9,23.8,33.8,9.7,,,7.9,,1008.8,
2023-03-26 00:00:00,25.6,23.5,32.5,12.3,,,11,,1008.6,
2023-03-27 00:00:00,27.6,23.7,32,15,,,10.4,,1008.9,
2023-03-28 00:00:00,26.9,23.6,32.7,6.5,,,6.7,,1009.1,
2023-03-29 00:00:00,27.1,23.8,30.7,11.2,,,11.6,,1008.9,
2023-03-30 00:00:00,27.3,24.3,32.9,3.1,,,10.7,,1008,
2023-03-31 00:00:00,27,23.8,32.6,2.1,,,10.1,,1008.6,
2023-04-01 00:00:00,26.7,23.9,31.4,3.5,,,10.2,,1008.6,
2023-04-02 00:00:00,25,23.5,30.2,9.6,,,10.8,,1008.8,
2023-04-03 00:00:00,27.7,23.3,32.5,3.8,,,10.9,,1008.2,
2023-04-04 00:00:00,26,22.5,31.5,16.1,,,9.3,,1009.3,
2023-04-05 00:00:00,27.2,22.5,31,0,,,7.5,,1009.4,
2023-04-06 00:00:00,25.9,24.2,31.7,6.4,,,9,,1009.1,
2023-04-07 00:00:00,25.3,23.4,32.2,18.6,,,10.8,,1009.6,
2023-04-08 00:00:00,26.2,23.7,33.3,1.1,,,11.5,,1010.3,
2023-04-09 00:00:00,28.1,22.2,32.5,2.5,,,14.1,,1009.3,
2023-04-10 00:00:00,27.5,23.8,34.2,0.8,,,13,,1008.7,
2023-04-11 00:00:00,28.6,23.6,33.6,2.6,,,12.1,,1008.7,
2023-04-12 00:00:00,28.2,24.1,34.3,1.2,,,11.2,,1008.8,
2023-04-13 00:00:00,28.6,23.8,34.6,1.8,,,6.5,,1008.8,
2023-04-14 00:00:00,26.1,23.1,32.4,22.1,,,5.2,,1009.7,
2023-04-15 00:00:00,28.3,22.9,35,3.5,,,6.2,,1008.5,
2023-04-16 00:00:00,26.4,23.7,34,6.3,,,5.9,,1008.7,
2023-04-17 00:00:00,28.1,23.3,33.7,7.3,,,7.4,,1010.3,
2023-04-18 00:00:00,28.3,24.7,33.9,1.6,,,5.8,,1010.8,
2023-04-19 00:00:00,28.5,24.4,35.2,2.5,,,8.3,,1008,
2023-04-20 00:00:00,28.2,24.4,33.6,1.5,,,6.7,,1006.9,
2023-04-21 00:00:00,28.3,24.6,33,1.4,,,7,,1007.7,
2023-04-22 00:00:00,27.1,24.2,32.5,4.7,,,12.9,,1008.5,
2023-04-23 00:00:00,28.1,23.9,33.5,4.9,,,13.7,,1008.8,
2023-04-24 00:00:00,28.4,23.9,34.1,3.3,,,7.4,,1008.2,
2023-04-25 00:00:00,28.6,24.4,34,2.2,,,6.9,,1007.8,
2023-04-26 00:00:00,28.8,23.9,35,2.5,,,6.4,,1007.5,
2023-04-27 00:00:00,28.9,24.4,34.1,2,,,6.8,,1008.5,
2023-04-28 00:00:00,28.7,24.6,34.6,7,,,6.6,,1008.2,
2023-04-29 00:00:00,27.9,24.3,34,3,,,8.1,,1007.4,
2023-04-30 00:00:00,27.1,24.2,31.6,13,,,6.3,,1007.5,
2023-05-01 00:00:00,28.6,24.3,34.4,9.9,,,6.6,,1008,
2023-05-02 00:00:00,29.5,24.2,34.4,5.7,,,11.4,,1008.9,
2023-05-03 00:00:00,28.9,24.3,34.6,0.2,,,17.4,,1008.7,
2023-05-04 00:00:00,28.4,24.2,33.2,6.8,,,6.8,,1008.1,
2023-05-05 00:00:00,28.6,25,33.6,2.9,,,9.3,,1006.3,
2023-05-06 00:00:00,27.5,25,32.8,5.2,,,7.3,,1006.6,
2023-05-07 00:00:00,27.3,25.1,34.8,4.1,,,7.5,,1007.1,
2023-05-08 00:00:00,27.2,24.3,31.3,19.3,,,9.8,,1007.8,
2023-05-09 00:00:00,25.9,24,32.8,1.7,,,9.6,,1009,
2023-05-10 00:00:00,28.3,24,34.5,5.3,,,6.4,,1010,
2023-05-11 00:00:00,29.2,24.3,34.4,0,,,10,,1010.4,
2023-05-12 00:00:00,26.5,24.7,30.7,8.2,,,18.7,,1010.9,
2023-05-13 00:00:00,28.3,23.3,34,0,,,20.1,,1010.1,
2023-05-14 00:00:00,27.3,23.3,32.7,4.4,,,7.3,,1010.5,
2023-05-15 00:00:00,26.3,23.9,33.5,5.5,,,7,,1011.3,
2023-05-16 00:00:00,27.3,23.5,33.2,14.2,,,6.9,,1011.6,
2023-05-17 00:00:00,27.3,24.4,35.1,14.9,,,8.7,,1012.2,
2023-05-18 00:00:00,27.7,24.4,32.7,1.6,,,15.5,,1011.4,
2023-05-19 00:00:00,27.8,24.5,32.6,5.9,,,15.4,,1011.1,
2023-05-20 00:00:00,27.9,24.2,32.4,4.6,,,14.9,,1010.8,
2023-05-21 00:00:00,27.5,24.7,33.1,1.2,,,15.2,,1011.6,
2023-05-22 00:00:00,28,24.2,33.1,0.1,,,16.8,,1011.5,
2023-05-23 00:00:00,27.7,24.1,32.7,1.7,,,17.1,,1011.3,
2023-05-24 00:00:00,28.1,23.7,33.4,5.7,,,11.9,,1011.6,
2023-05-25 00:00:00,28.2,24.4,33.5,9.6,,,13.4,,1011.7,
2023-05-26 00:00:00,27.1,22.7,33.1,5.4,,,12,,1011.5,
2023-05-27 00:00:00,27,24.5,32.6,0.3,,,16.4,,1009.2,
2023-05-28 00:00:00,27.5,23.4,32.7,0.8,,,20.4,,1009.1,
2023-05-29 00:00:00,28.7,23.1,32.9,1,,,22,,1009.6,
2023-05-30 00:00:00,27.9,25.1,32.7,0.9,,,17.7,,1009.9,
2023-05-31 00:00:00,28.3,24.5,33.8,0,,,15.6,,1009.4,
2023-06-01 00:00:00,28.4,24.1,34,0.3,,,21,,1009.7,
2023-06-02 00:00:00,28.4,23.5,34,3.3,,,17.7,,1010,
2023-06-03 00:00:00,28,23.7,34.2,1.9,,,16.1,,1010,
2023-06-04 00:00:00,28.6,23.6,34.9,0,,,16.9,,1008.8,
2023-06-05 00:00:00,27.7,24.3,34.4,3.5,,,16,,1008.7,
2023-06-06 00:00:00,27.1,23.4,31.3,4.4,,,14.3,,1009.7,
2023-06-07 00:00:00,27.6,24.2,34.2,0,,,15.1,,1010.6,
2023-06-08 00:00:00,27.6,22.1,33.4,0,,,13.9,,1010,
2023-06-09 00:00:00,28.1,22.1,34,0,,,10.8,,1008.9,
2023-06-10 00:00:00,28.5,22.1,34.8,0.5,,,12.2,,1008.7,
2023-06-11 00:00:00,28.8,23.8,33.7,4.6,,,19.7,,1009.1,
2023-06-12 00:00:00,27.6,24.7,33.1,1.2,,,18.2,,1009.3,
2023-06-13 00:00:00,26.1,23.4,33,13.1,,,12.2,,1010.1,
2023-06-14 00:00:00,27.3,23.9,34.4,11.1,,,11,,1010.4,
2023-06-15 00:00:00,27.1,24.3,33.3,7,,,17.1,,1010.2,
2023-06-16 00:00:00,26.4,23.3,30.6,18.9,,,13.6,,1010.5,
2023-06-17 00:00:00,27.3,24,32.6,22.2,,,17.5,,1010.5,
2023-06-18 00:00:00,27.6,23.2,31.9,9.5,,,12.1,,1010.6,
2023-06-19 00:00:00,26.9,23.8,33,5.4,,,6.7,,1010.2,
2023-06-20 00:00:00,25.8,23.5,31.4,39.3,,,9,,1010.9,
2023-06-21 00:00:00,26.4,23.3,30.4,7.2,,,9.4,,1011.2,
2023-06-22 00:00:00,27.3,23.8,32.6,0,,,11.4,,1009.9,
2023-06-23 00:00:00,26.9,23.7,32.5,2.1,,,12.9,,1009,
2023-06-24 00:00:00,27.3,23.2,32.3,8.8,,,12.3,,1008.5,
2023-06-25 00:00:00,27,23.4,32.4,6.5,,,9.6,,1008.9,
2023-06-26 00:00:00,27.4,23.3,32.9,2.7,,,9.9,,1008.9,
2023-06-27 00:00:00,28.4,24,33.4,2.8,,,10,,1009.9,
2023-06-28 00:00:00,27.6,24.3,33.2,3.4,,,10.9,,1011,
2023-06-29 00:00:00,26.9,24,33.2,2.6,,,15.7,,1010.3,
2023-06-30 00:00:00,28.3,23.9,33.8,1.5,,,8.2,,1009.7,
2023-07-01 00:00:00,27.1,24.1,33.8,1.9,,,7.2,,1010.3,
2023-07-02 00:00:00,26.9,23.6,33.5,14,,,8.9,,1010.5,
2023-07-03 00:00:00,26.9,24,33.3,8,,,7.6,,1010.4,
2023-07-04 00:00:00,26,23.6,29.9,17.7,,,5.2,,1010.5,
2023-07-05 00:00:00,27.4,23,33.3,1.1,,,12.2,,1009.5,
2023-07-06 00:00:00,26.2,23.8,32.2,7.9,,,19.6,,1009.8,
2023-07-07 00:00:00,26.7,23,32.5,4.7,,,14.9,,1010.7,
2023-07-08 00:00:00,27.9,23.7,33.2,0.9,,,14.8,,1011.1,
2023-07-09 00:00:00,25.6,23.7,28.8,1.5,,,9,,1010.5,
2023-07-10 00:00:00,26.2,23.4,29.3,0.6,,,13.6,,1009.4,
2023-07-11 00:00:00,26.6,23.2,31.2,17.3,,,13.2,,1010,
2023-07-12 00:00:00,26.9,22.5,31.3,0,,,15,,1009.3,
2023-07-13 00:00:00,26.3,23.6,31.2,0.3,,,9.8,,1009.7,
2023-07-14 00:00:00,27.5,24.1,33.6,10.2,,,11.7,,1009.7,
2023-07-15 00:00:00,27,24.2,30.8,7.7,,,16.6,,1009.4,
2023-07-16 00:00:00,27.2,24.4,31.8,0.2,,,14.1,,1009.4,
2023-07-17 00:00:00,27.4,23.7,31.1,0.3,,,20,,1009.5,
2023-07-18 00:00:00,27.4,24.8,32.4,0,,,17.6,,1009.8,
2023-07-19 00:00:00,28,24.4,33.1,0.4,,,17.4,,1008.9,
2023-07-20 00:00:00,27.7,23.5,33.1,0,,,18.3,,1008.6,
2023-07-21 00:00:00,27.9,22.7,32.6,0.6,,,19.1,,1010.5,
2023-07-22 00:00:00,27.3,24.4,32.8,0.2,,,19.1,,1011.7,
2023-07-23 00:00:00,28.3,21.7,32.8,0,,,18.7,,1011,
2023-07-24 00:00:00,27.9,24.4,30.4,0.1,,,20,,1010.1,
2023-07-25 00:00:00,28.1,25.3,32.3,0,,,25.1,,1010.8,
2023-07-26 00:00:00,27.8,24.6,33.3,0,,,26.4,,1010.9,
2023-07-27 00:00:00,28.2,22.9,32.6,0,,,26.8,,1011.2,
2023-07-28 00:00:00,28.2,23.9,32.4,0,,,27.9,,1010.5,
2023-07-29 00:00:00,27.7,23.5,33.3,0,,,25.4,,1010.6,
2023-07-30 00:00:00,27.2,21.5,33.1,0,,,25,,1011,
2023-07-31 00:00:00,27.7,21.1,33.2,0.3,,,21.1,,1010.7,
2023-08-01 00:00:00,28.3,22.8,33.2,0,,,22.8,,1010.4,
2023-08-02 00:00:00,27.8,24.8,33,0.3,,,23.1,,1011.6,
2023-08-03 00:00:00,28.5,23.7,34,0,,,21.2,,1012.5,
2023-08-04 00:00:00,28.9,22.6,34.1,0.7,,,22.1,,1013.6,
2023-08-05 00:00:00,28.7,22.7,34.2,0.9,,,22.6,,1013,
2023-08-06 00:00:00,28.7,24.2,33.5,0.5,,,23.5,,1011.3,
2023-08-07 00:00:00,27.9,24.2,32.8,0,,,21.5,,1011,
2023-08-08 00:00:00,27.8,22.4,33.2,0,,,21.5,,1011.5,
2023-08-09 00:00:00,28.3,22.1,33.6,0,,,19,,1011.8,
2023-08-10 00:00:00,28.4,22.3,32.6,0.9,,,21.9,,1011.7,
2023-08-11 00:00:00,27.8,23.1,33,0.4,,,22.6,,1011.2,
2023-08-12 00:00:00,27.5,23.2,31.4,0,,,25.3,,1011.1,
2023-08-13 00:00:00,28.3,24.2,33.6,0,,,25,,1010.6,
2023-08-14 00:00:00,27.7,23.1,32.3,0,,,23.4,,1010.6,
2023-08-15 00:00:00,28,22.7,34.4,0,,,22.9,,1011.1,
2023-08-16 00:00:00,27.9,22.7,33.1,0.4,,,16.7,,1011.6,
2023-08-17 00:00:00,28.2,24.3,33.7,1.6,,,16.8,,1010.9,
2023-08-18 00:00:00,28.7,23.6,33.6,0.2,,,18.5,,1010.2,
2023-08-19 00:00:00,28.6,24.4,33.2,2.6,,,24.6,,1010.8,
2023-08-20 00:00:00,28,23.4,33.4,0,,,25.3,,1010.7,
2023-08-21 00:00:00,27.9,23.7,32.8,1.1,,,23.7,,1010.5,
2023-08-22 00:00:00,29,22.6,33.5,0,,,21.4,,1010.3,
2023-08-23 00:00:00,27.8,22.4,32.1,0,,,24,,1010.6,
2023-08-24 00:00:00,28.1,24,33.6,0.6,,,23.6,,1010.1,
2023-08-25 00:00:00,28.8,24,33.8,0,,,25.4,,1009.8,
2023-08-26 00:00:00,28.4,24,33.3,0,,,19.5,,1009.2,
2023-08-27 00:00:00,29.3,24.2,33.4,0,,,25.7,,1009.4,
2023-08-28 00:00:00,28.4,24,33,0,,,23.8,,1009.6,
2023-08-29 00:00:00,28.5,24.5,32.7,0,,,26.7,,1009.2,
2023-08-30 00:00:00,28.1,23.5,33.4,0,,,24.4,,1010,
2023-08-31 00:00:00,28.4,22.5,33.4,0,,,21.1,,1010.4,
2023-09-01 00:00:00,29,24.2,33.2,0,,,26.5,,1010.1,
2023-09-02 00:00:00,29.9,23.7,33.8,0,,,26.4,,1009.3,
2023-09-03 00:00:00,27.6,23.6,32.6,0,,,33.8,,1010.1,
2023-09-04 00:00:00,28.2,22.1,33,0,,,26.7,,1009.1,
2023-09-05 00:00:00,28.6,22.8,34.1,1.2,,,25.1,,1009.9,
2023-09-06 00:00:00,28.7,23.4,33.4,0,,,22.8,,1010.2,
2023-09-07 00:00:00,28.6,24.9,33.1,0.2,,,22.2,,1010.7,
2023-09-08 00:00:00,28.2,22.6,34.7,0,,,19,,1010.8,
2023-09-09 00:00:00,28.4,23,34.3,0,,,21.6,,1010.5,
2023-09-10 00:00:00,27.8,23,34.7,0.5,,,20.7,,1010.4,
2023-09-11 00:00:00,28,24.5,33.8,0.6,,,21.5,,1010.2,
2023-09-12 00:00:00,26.2,23.4,32.2,9.7,,,13.9,,1010.8,
2023-09-13 00:00:00,26.9,23.1,31.7,3.5,,,17.3,,1011.7,
2023-09-14 00:00:00,29.1,24.2,32.9,0,,,23.3,,1011.4,
2023-09-15 00:00:00,26.9,24.8,32.6,4.8,,,22,,1011.5,
2023-09-16 00:00:00,28.3,23.8,33.8,4.5,,,19.6,,1011,
2023-09-17 00:00:00,27.8,24.4,33.4,0,,,23.5,,1010.1,
2023-09-18 00:00:00,27.8,24.4,33.4,0,,,21.4,,1009.6,
2023-09-19 00:00:00,30.1,22.7,33.9,0,,,22.1,,1010,
2023-09-20 00:00:00,28.4,23.4,33,0,,,26.3,,1010,
2023-09-21 00:00:00,28.3,24.4,33.2,0,,,26.3,,1009.9,
2023-09-22 00:00:00,27.7,22.9,33.7,0,,,23.5,,1009.6,
2023-09-23 00:00:00,27.4,22,33.3,0,,,14.8,,1009.7,
2023-09-24 00:00:00,27.6,21.4,33.7,0,,,17.3,,1009.5,
2023-09-25 00:00:00,27.4,21.6,33.4,0,,,20.9,,1009.6,
2023-09-26 00:00:00,27.5,21.1,33.5,0,,,23.6,,1009.9,
2023-09-27 00:00:00,28.4,21,32.9,0,,,24.1,,1010.3,
2023-09-28 00:00:00,28.8,23.6,33.9,0,,,27.5,,1010.7,
2023-09-29 00:00:00,28.4,22.3,34,0,,,22.6,,1011.1,
2023-09-30 00:00:00,28.3,21.6,33.9,0,,,23.1,,1010.5,
2023-10-01 00:00:00,28.2,22.2,33.9,0,,,23.5,,1010.2,
2023-10-02 00:00:00,29.1,22.7,35.3,0,,,19.7,,1011,
2023-10-03 00:00:00,29.2,23.4,35.9,0,,,17.9,,1011.9,
2023-10-04 00:00:00,28.8,22.8,36.4,0,,,15.2,,1011.6,
2023-10-05 00:00:00,29.3,22.9,35.1,0,,,15.1,,1010.5,
2023-10-06 00:00:00,28.4,23.6,34.8,0,,,20.6,,1010.6,
2023-10-07 00:00:00,28.6,22.6,35.1,0,,,20.7,,1010.5,
2023-10-08 00:00:00,29.1,22.2,35.1,0,,,14.1,,1010.9,
2023-10-09 00:00:00,29.4,22.4,33.9,0,,,18.1,,1010.7,
2023-10-10 00:00:00,28.7,24.6,34.4,0.6,,,18.2,,1010.6,
2023-10-11 00:00:00,27.9,23.5,34.2,0,,,20.1,,1010.7,
2023-10-12 00:00:00,28.6,21,34.8,0,,,21.3,,1011.4,
2023-10-13 00:00:00,28.1,22.2,35.1,0,,,23.1,,1011.1,
2023-10-14 00:00:00,29.6,22.8,35.4,0,,,20.2,,1010.5,
2023-10-15 00:00:00,29.5,23.7,35.1,0,,,19.8,,1009.9,
2023-10-16 00:00:00,29.7,24.5,35.4,0.4,,,19.2,,1010.3,
2023-10-17 00:00:00,27.2,24.1,34.9,5.5,,,10.4,,1011.1,
2023-10-18 00:00:00,27.9,23.3,33.9,2.8,,,17.1,,1011,
2023-10-19 00:00:00,28.7,24.2,34.4,4,,,17.8,,1010.7,
2023-10-20 00:00:00,29.2,23,35.2,0,,,11.7,,1010.9,
2023-10-21 00:00:00,27.7,23.9,34.8,3.3,,,11.8,,1011,
2023-10-22 00:00:00,26.7,23.9,35.9,0.9,,,8,,1011.7,
2023-10-23 00:00:00,28.8,23.8,35.4,0.3,,,9.5,,1010.9,
2023-10-24 00:00:00,28.8,23.8,35.2,0.3,,,14.6,,1010.7,
2023-10-25 00:00:00,28.7,24.3,34.8,0,,,11.2,,1011.1,
2023-10-26 00:00:00,27.6,22.4,36.1,0,,,11.4,,1011.1,
2023-10-27 00:00:00,27.3,20.4,35,0,,,13.2,,1011.1,
2023-10-28 00:00:00,27.6,19.4,35.2,0,,,17,,1010.1,
2023-10-29 00:00:00,28.7,20.5,35.7,0,,,17.9,,1009.5,
2023-10-30 00:00:00,29.1,22.7,35.9,0,,,15.2,,1008.8,
2023-10-31 00:00:00,29.4,22.9,36.3,0,,,14.4,,1009.5,
2023-11-01 00:00:00,29.8,23.6,36.4,0,,,13.7,,1009.5,
2023-11-02 00:00:00,27.6,23.5,36.6,1.1,,,9.9,,1009.2,
2023-11-03 00:00:00,27,23.8,35.8,14.5,,,8,,1008.5,
2023-11-04 00:00:00,27.3,23.5,35.2,2.1,,,6.1,,1009,
2023-11-05 00:00:00,28.2,23.7,33.8,1,,,6.6,,1009.5,
2023-11-06 00:00:00,28.1,24.2,35.5,0.6,,,9.8,,1009.5,
2023-11-07 00:00:00,26.5,23.8,34.6,4.6,,,8.1,,1009.5,
2023-11-08 00:00:00,28.7,22.8,34.9,0.9,,,6.6,,1008.7,
2023-11-09 00:00:00,27.7,24.4,34.4,6.8,,,6.9,,1009.9,
2023-11-10 00:00:00,27.8,23.9,34.6,2.8,,,7.5,,1010.5,
2023-11-11 00:00:00,26.7,24.2,33.6,13,,,9.8,,1011.1,
2023-11-12 00:00:00,28.8,24.5,34.4,1.4,,,8.5,,1010.9,
2023-11-13 00:00:00,28.5,24.3,34.7,3.7,,,7.4,,1010.4,
2023-11-14 00:00:00,28.9,24.9,35.2,1.5,,,9.2,,1010.6,
2023-11-15 00:00:00,28.7,24.4,35.4,0.9,,,7.9,,1010.1,
2023-11-16 00:00:00,27.8,24.5,35.5,0.9,,,8.2,,1010.4,
2023-11-17 00:00:00,28.5,24.2,33.9,0.2,,,7.9,,1009.9,
2023-11-18 00:00:00,28.2,24.4,32.1,2.6,,,7,,1009.4,
2023-11-19 00:00:00,27.8,24.9,33.7,1.5,,,6,,1009.2,
2023-11-20 00:00:00,27.8,24.3,33.1,11.6,,,9.7,,1009.5,
2023-11-21 00:00:00,28.9,24.8,33.8,0.5,,,15.1,,1008.9,
2023-11-22 00:00:00,27.4,24.6,34.1,14.4,,,12.4,,1008,
2023-11-23 00:00:00,27.8,24.1,34,8.4,,,9.2,,1007.4,
2023-11-24 00:00:00,26.7,24.4,33.3,7.2,,,6.7,,1008.1,
2023-11-25 00:00:00,28.3,24.4,33.4,3.5,,,6.7,,1007.9,
2023-11-26 00:00:00,27.2,23.5,33.5,15.5,,,7.7,,1008.7,
2023-11-27 00:00:00,26.8,24.1,33.1,1.2,,,8.5,,1008.4,
2023-11-28 00:00:00,29.7,24.4,32.8,10.4,,,9.8,,1008.7,
2023-11-29 00:00:00,26.7,24.2,32.7,1,,,6.4,,1009.2,
2023-11-30 00:00:00,25.9,23.7,31.1,7.5,,,9.2,,1008.8,
2023-12-01 00:00:00,25.8,23,34.3,6.8,,,8.4,,1008.2,
2023-12-02 00:00:00,26.9,23.2,32.3,10.4,,,6.8,,1008.7,
2023-12-03 00:00:00,27.2,23.7,32.9,3.6,,,9.2,,1009.3,
2023-12-04 00:00:00,28.7,23.9,34.8,0.5,,,6.8,,1008.7,
2023-12-05 00:00:00,28.3,24,33.7,3.5,,,7.1,,1008.8,
2023-12-06 00:00:00,26.7,23.7,33.7,2.9,,,10.2,,1009.3,
2023-12-07 00:00:00,26.9,23.8,32,3.1,,,12,,1009,
2023-12-08 00:00:00,25.9,23.8,33.6,5.9,,,11.4,,1009.2,
2023-12-09 00:00:00,26.5,23.9,31.9,7,,,13.7,,1009.3,
2023-12-10 00:00:00,28,23.7,32.7,7,,,11.9,,1007.8,
2023-12-11 00:00:00,27.3,23.9,32,1.3,,,13.8,,1008.2,
2023-12-12 00:00:00,28.2,24.2,32.5,1,,,12.4,,1007.9,
2023-12-13 00:00:00,27.5,24.2,33.4,0.5,,,13.3,,1008.5,
2023-12-14 00:00:00,27.2,24.4,32,1,,,15.5,,1009.6,
2023-12-15 00:00:00,29.1,24.5,33.3,9.2,,,11.3,,1009.1,
2023-12-16 00:00:00,28.1,24.8,32.8,0.7,,,15.5,,1008.7,
2023-12-17 00:00:00,28.4,23.9,32.5,4.3,,,12,,1008.7,
2023-12-18 00:00:00,28.4,24.1,32.9,0.1,,,6.6,,1008.4,
2023-12-19 00:00:00,28.9,23.9,34.3,1.7,,,8.4,,1008.8,
2023-12-20 00:00:00,28,24,34,10.7,,,7.8,,1009.1,
2023-12-21 00:00:00,27.5,24.2,32,5.2,,,7.4,,1009.6,
2023-12-22 00:00:00,28.2,24.2,33.2,11.2,,,9,,1010.5,
2023-12-23 00:00:00,29.1,24.1,34.6,12.2,,,9.8,,1011.3,
2023-12-24 00:00:00,28.2,23.5,32.8,2.9,,,11.2,,1010.7,
2023-12-25 00:00:00,28.3,23.4,33,0,,,11.3,,1010.2,
2023-12-26 00:00:00,29,24.2,34.3,1.5,,,11,,1011.3,
2023-12-27 00:00:00,29.2,24.6,34.7,3.5,,,9.8,,1011.7,
2023-12-28 00:00:00,28.6,24.5,33.7,8,,,9.9,,1011.3,
2023-12-29 00:00:00,28.6,25.4,34.4,0.8,,,8.7,,1009.5,
2023-12-30 00:00:00,29.8,24.8,34.9,0.8,,,7.3,,1008.8,
2023-12-31 00:00:00,28.2,24,34.1,2.2,,,6.2,,1009.5,
2024-01-01 00:00:00,29.4,25.7,34.4,11.7,,,7.6,,1009.1,
2024-01-02 00:00:00,28.1,24.2,33.4,6.6,,,7.2,,1008.8,
2024-01-03 00:00:00,27.8,23.8,33.8,10.1,,,9.6,,1009.2,
2024-01-04 00:00:00,27.9,24.2,34.4,10.9,,,7.3,,1009.2,
2024-01-05 00:00:00,27.3,24.6,33.3,11.7,,,8.2,,1010,
2024-01-06 00:00:00,27.6,24.2,31.2,5.4,,,10.6,,1010.1,
2024-01-07 00:00:00,28.4,25,32.5,5.9,,,7.6,,1009.7,
2024-01-08 00:00:00,28.8,23.3,33.3,1.8,,,8.5,,1009.8,
2024-01-09 00:00:00,28.2,22.6,33.6,0.8,,,12.6,,1009.2,
2024-01-10 00:00:00,27.6,23.2,32.6,0.2,,,12.2,,1007.9,
2024-01-11 00:00:00,28.1,23.3,32.4,2.9,,,12,,1008.1,
2024-01-12 00:00:00,28.8,23.6,32.6,0,,,15.4,,1007.7,
2024-01-13 00:00:00,26.5,24.2,28.5,17.3,,,13.2,,1008.3,
2024-01-14 00:00:00,26.2,23.6,31.9,0,,,17.8,,1008.6,
2024-01-15 00:00:00,26.2,23.9,29.8,3.6,,,17.8,,1008.5,
2024-01-16 00:00:00,26.7,23.8,31,3.7,,,14.3,,1008.4,
2024-01-17 00:00:00,27.9,23.8,32.2,0,,,18,,1008.3,
2024-01-18 00:00:00,27.3,23.7,31.6,4.2,,,12.5,,1008,
2024-01-19 00:00:00,28.2,24,33,7,,,14.5,,1008.2,
2024-01-20 00:00:00,27.5,23.6,32.7,3.2,,,13.3,,1008.8,
2024-01-21 00:00:00,25,24.1,27,12.3,,,14.5,,1010.5,
2024-01-22 00:00:00,27.8,23.2,32.4,0.7,,,18.1,,1010.3,
2024-01-23 00:00:00,28.7,24.2,33.2,1.2,,,15.9,,1010.6,
2024-01-24 00:00:00,28.3,24.3,32.4,0.3,,,17.6,,1011.7,
2024-01-25 00:00:00,27.8,23.8,32.1,0.3,,,18,,1012.4,
2024-01-26 00:00:00,27.8,22.5,32.3,0,,,12.8,,1013.2,
2024-01-27 00:00:00,26.2,22.6,31.4,8.1,,,10.8,,1012.6,
2024-01-28 00:00:00,27.3,22.6,31.6,2.3,,,12.8,,1012.3,
2024-01-29 00:00:00,27.7,23.7,32.8,0.7,,,14.2,,1011.9,
2024-01-30 00:00:00,27.8,23.8,32.2,0,,,14.5,,1011.5,
2024-01-31 00:00:00,27.6,23.9,31,6.5,,,15,,1011.6,
2024-02-01 00:00:00,27.7,24,33.3,8.3,,,13.2,,1011.6,
2024-02-02 00:00:00,27.4,23.6,32.7,16.5,,,12.1,,1011.4,
2024-02-03 00:00:00,28.4,24.2,33.6,10.3,,,12.3,,1011.4,
2024-02-04 00:00:00,27.9,23.8,33.6,4.2,,,9.9,,1011.6,
2024-02-05 00:00:00,27.7,23,33.3,1.2,,,12.8,,1012.5,
2024-02-06 00:00:00,27.7,23.2,32.2,0.3,,,14.8,,1012.1,
2024-02-07 00:00:00,28.6,25.1,32.8,2.5,,,13.9,,1011.1,
2024-02-08 00:00:00,28.4,23.4,34.4,0.7,,,10.6,,1010.6,
2024-02-09 00:00:00,28.8,23.5,33.4,8.8,,,12,,1011.2,
2024-02-10 00:00:00,27.2,24.6,31.2,16.2,,,14.6,,1012.1,
2024-02-11 00:00:00,27.6,24.8,32.8,7.1,,,14.3,,1012.2,
2024-02-12 00:00:00,25.1,24.1,27.3,34.3,,,10.2,,1012.6,
2024-02-13 00:00:00,26.6,23.2,30.6,7.5,,,10.3,,1012.7,
2024-02-14 00:00:00,26.7,24.3,30.5,9.5,,,11.2,,1011.5,
2024-02-15 00:00:00,28.7,24.2,33.1,0.7,,,9.4,,1010.9,
2024-02-16 00:00:00,27.3,22.9,32,0,,,17.1,,1011,
2024-02-17 00:00:00,26.7,21.5,31.8,0,,,13.4,,1010.6,
2024-02-18 00:00:00,27.5,21.6,32.2,0,,,11,,1011.2,
2024-02-19 00:00:00,28.1,21.6,32.5,0.3,,,10.4,,1011.7,
2024-02-20 00:00:00,28.2,24.7,31.6,4.4,,,12.1,,1011,
2024-02-21 00:00:00,28.5,23.4,33.3,3.2,,,12.9,,1010.4,
2024-02-22 00:00:00,28.1,24,32.6,0.4,,,9.2,,1010.6,
2024-02-23 00:00:00,27.1,24.9,32.6,10.6,,,7.2,,1011.5,
2024-02-24 00:00:00,27.8,23.3,32.6,0.1,,,9.6,,1010.5,
2024-02-25 00:00:00,28.1,23.6,32.6,1.2,,,9.5,,1009.8,
2024-02-26 00:00:00,28.1,22.8,32.4,0.6,,,10.6,,1009.8,
2024-02-27 00:00:00,28.6,23.2,32.7,0.4,,,12.1,,1009.2,
2024-02-28 00:00:00,28.4,25.6,31.3,0.2,,,17.1,,1008.9,
2024-02-29 00:00:00,28.6,24.8,34,2,,,10,,1009.1,
2024-03-01 00:00:00,28.1,24.2,32.4,2.5,,,8.2,,1009,
2024-03-02 00:00:00,26.9,24,33.4,8.3,,,8.2,,1009.6,
2024-03-03 00:00:00,28.4,23.2,33.4,6.8,,,9.2,,1010.2,
2024-03-04 00:00:00,28.6,24,32.3,2.4,,,10.6,,1009.9,
2024-03-05 00:00:00,26.4,24.3,30.1,8.1,,,11,,1009.3,
2024-03-06 00:00:00,27.3,24.3,31.2,15.8,,,10.4,,1008.3,
2024-03-07 00:00:00,25.8,23.7,31.7,11.3,,,9,,1008.2,
2024-03-08 00:00:00,26.7,23.8,31.2,5.5,,,9.8,,1008,
2024-03-09 00:00:00,27.8,21.8,31.7,0.3,,,11.6,,1008.4,
2024-03-10 00:00:00,27.1,23.3,31.4,0.2,,,13.3,,1010.8,
2024-03-11 00:00:00,27.7,23.4,31,0,,,13.5,,1010.7,
2024-03-12 00:00:00,28.4,23.4,31.8,0,,,16,,1009.8,
2024-03-13 00:00:00,28.5,24.1,32.9,0,,,17.2,,1010,
2024-03-14 00:00:00,28.2,24.8,33.2,7,,,11.5,,1010.2,
2024-03-15 00:00:00,28.4,24.4,33.3,4.8,,,10.7,,1010.7,
2024-03-16 00:00:00,27.7,24.7,31.7,1.6,,,14.3,,1010.9,
2024-03-17 00:00:00,28.2,24.3,32.4,0.2,,,13.8,,1010,
2024-03-18 00:00:00,27.3,23.5,32.9,0,,,12.6,,1009.5,
2024-03-19 00:00:00,28.8,22,33.7,0.3,,,11.2,,1010.1,
2024-03-20 00:00:00,28.7,25.2,33,0.4,,,14.3,,1010.4,
2024-03-21 00:00:00,28.5,24.7,33.1,8.6,,,10.8,,1009.7,
2024-03-22 00:00:00,27.8,23.7,32.6,0.6,,,8.1,,1009.8,
2024-03-23 00:00:00,28.4,23,33.6,3.5,,,8.5,,1010.1,
2024-03-24 00:00:00,28.5,22.7,33,0.9,,,9.3,,1010.6,
2024-03-25 00:00:00,28.4,21.8,33.2,1.2,,,10.3,,1010.5,
2024-03-26 00:00:00,28.2,24.6,33.4,8.2,,,12.7,,1011.6,
2024-03-27 00:00:00,26.7,24.3,33.5,20.9,,,7.8,,1012.2,
2024-03-28 00:00:00,25.5,23.8,30.2,21.2,,,8.3,,1012,
2024-03-29 00:00:00,25.8,23.4,30,3.6,,,8.3,,1012.3,
2024-03-30 00:00:00,26.4,23.7,30.2,2.1,,,7.7,,1012.8,
2024-03-31 00:00:00,26.7,24.2,31.2,7.9,,,7.5,,1011.7,
2024-04-01 00:00:00,26,23.7,29.2,17.2,,,10.7,,1010.9,
2024-04-02 00:00:00,26.7,23.2,31.8,3.5,,,8.6,,1009.7,
2024-04-03 00:00:00,28.3,24.1,32.4,0,,,13,,1009.4,
2024-04-04 00:00:00,28.6,24.2,34.3,6.4,,,11.3,,1008.5,
2024-04-05 00:00:00,27.1,25,32.1,1.2,,,10.3,,1008.4,
2024-04-06 00:00:00,27.7,24.1,32.4,14.3,,,6.7,,1008.4,
2024-04-07 00:00:00,27,24.4,31.1,10.1,,,8,,1008.4,
2024-04-08 00:00:00,27.4,24.4,31.5,3.7,,,7.5,,1008.7,
2024-04-09 00:00:00,27.9,24,32.9,1.6,,,6.9,,1009.3,
2024-04-10 00:00:00,27.5,21.7,33.4,0,,,7.9,,1009.7,
2024-04-11 00:00:00,27.2,21.7,32.4,0.1,,,8.8,,1009.7,
2024-04-12 00:00:00,28.7,23.2,34,0.4,,,8,,1009.1,
2024-04-13 00:00:00,27.7,23.2,33.7,0,,,9,,1009.2,
2024-04-14 00:00:00,27.4,22.7,33.4,0,,,9.3,,1010.3,
2024-04-15 00:00:00,27.9,22,34,0.8,,,9,,1010.7,
2024-04-16 00:00:00,28.7,23,35.4,0,,,8.6,,1010,
2024-04-17 00:00:00,28.9,23.8,35.9,6.4,,,9.5,,1008.3,
2024-04-18 00:00:00,27.4,23.8,31.7,2.5,,,9.9,,1008.4,
2024-04-19 00:00:00,27.9,23.9,32.4,15.8,,,9,,1007.9,
2024-04-20 00:00:00,28.3,23.8,34.9,6.5,,,7.7,,1007.8,
2024-04-21 00:00:00,28.6,23.8,35.6,0,,,7.1,,1008,
2024-04-22 00:00:00,27.2,24.3,34.6,7,,,8.3,,1008.4,
2024-04-23 00:00:00,28.2,24.6,34.5,2.4,,,9.6,,1008.2,
2024-04-24 00:00:00,28.5,25.8,34.6,20.8,,,8.8,,1007.9,
2024-04-25 00:00:00,28.2,24,34.1,3.1,,,7.6,,1008.5,
2024-04-26 00:00:00,27.9,23.8,34.5,4.5,,,7.5,,1008.1,
2024-04-27 00:00:00,27.2,24.4,33.7,7,,,6.3,,1008.4,
2024-04-28 00:00:00,27,24.9,35.3,10.3,,,8.9,,1008.8,
2024-04-29 00:00:00,27,24.3,33.9,17.9,,,6.8,,1008.5,
2024-04-30 00:00:00,26.7,24,29.2,21.1,,,6.2,,1008.2,
2024-05-01 00:00:00,27.2,24.2,31,0,,,14.1,,1007.8,
2024-05-02 00:00:00,28.1,25.4,33.5,16.2,,,9.6,,1007.9,
2024-05-03 00:00:00,28.2,24.7,32,6.4,,,5.8,,1008.1,
2024-05-04 00:00:00,27.7,23.9,34,2.2,,,8.1,,1007.9,
2024-05-05 00:00:00,28.8,24.9,34.2,6.7,,,6.7,,1008,
2024-05-06 00:00:00,28.5,25.2,32.7,6.5,,,8.4,,1009.5,
2024-05-07 00:00:00,29.1,25.4,34.3,7.8,,,6.1,,1009.3,
2024-05-08 00:00:00,29.1,24.6,34.3,12.6,,,7.6,,1009.1,
2024-05-09 00:00:00,27.3,25.1,31.8,17.1,,,6.3,,1010,
2024-05-10 00:00:00,28.3,24.8,34.2,3.3,,,8.6,,1010.1,
2024-05-11 00:00:00,28.7,24.8,34.4,8.1,,,13.3,,1010,
2024-05-12 00:00:00,27.9,24.6,34.4,0.4,,,6.8,,1009.7,
2024-05-13 00:00:00,28.9,24.4,33.8,3.8,,,12,,1008.8,
2024-05-14 00:00:00,29.7,25.6,34.4,0.6,,,11.5,,1008.5,
2024-05-15 00:00:00,27.8,24.4,34.1,2.8,,,7.7,,1009.8,
2024-05-16 00:00:00,28.1,24.8,34.9,9.5,,,11.2,,1009.5,
2024-05-17 00:00:00,29.1,25.1,33.8,3.4,,,14.8,,1008.8,
2024-05-18 00:00:00,29.2,26,33.4,0,,,18.3,,1007.7,
2024-05-19 00:00:00,28.3,26,33.4,0,,,18.9,,1007.4,
2024-05-20 00:00:00,28.9,24.2,33.2,0,,,20.2,,1007.4,
2024-05-21 00:00:00,28.8,25.3,34.4,1.5,,,17.5,,1008,
2024-05-22 00:00:00,28.5,25,34.4,6.1,,,12.6,,1007.8,
2024-05-23 00:00:00,28.7,24.6,33.7,0.7,,,14.9,,1007.8,
2024-05-24 00:00:00,28.9,25.3,33.5,0.8,,,17.1,,1007.9,
2024-05-25 00:00:00,27.6,25.8,32.8,1,,,19.4,,1008.8,
2024-05-26 00:00:00,27,25.2,34.1,24.4,,,16.3,,1009.5,
2024-05-27 00:00:00,27.2,24.4,33.2,7.4,,,12,,1009.1,
2024-05-28 00:00:00,27.4,24.4,30.9,4.5,,,14.1,,1009.4,
2024-05-29 00:00:00,29.1,24.4,34.9,8.7,,,9.8,,1009,
2024-05-30 00:00:00,29.4,24.3,34.2,2.2,,,9.5,,1009.7,
2024-05-31 00:00:00,26.7,24.4,33.2,7.8,,,9.9,,1010.1,
2024-06-01 00:00:00,27.1,24.5,29.5,13.7,,,16.2,,1010.1,
2024-06-02 00:00:00,28.2,24.2,33,1.6,,,15.7,,1009.5,
2024-06-03 00:00:00,27.6,24,32.6,28.4,,,6.6,,1009.7,
2024-06-04 00:00:00,26.4,24.5,31.5,18.5,,,5.6,,1011.2,
2024-06-05 00:00:00,28.3,24.2,33.3,12.2,,,13.2,,1011,
2024-06-06 00:00:00,28.3,24.7,33.2,0.2,,,18,,1010.9,
2024-06-07 00:00:00,27.3,24.5,31.6,12,,,8.8,,1010.2,
2024-06-08 00:00:00,28,24.4,32.5,10.5,,,13.8,,1010.2,
2024-06-09 00:00:00,28.1,24.5,32.9,6,,,14.4,,1010.7,
2024-06-10 00:00:00,26.8,24.1,31.9,10.6,,,17.4,,1011.5,
2024-06-11 00:00:00,27.2,24.2,32.8,2.2,,,15.2,,1012.1,
2024-06-12 00:00:00,28.3,24.7,33.2,3.2,,,13.2,,1011.6,
2024-06-13 00:00:00,26.2,24.4,29.2,14.6,,,13.4,,1010.9,
2024-06-14 00:00:00,26.4,23.9,31.1,15.9,,,9.5,,1010.1,
2024-06-15 00:00:00,27.3,23.5,32.2,0,,,18.9,,1009.9,
2024-06-16 00:00:00,27.9,24.8,32.6,0.5,,,18,,1010,
2024-06-17 00:00:00,27.5,24.4,32.3,1.2,,,18.4,,1009.8,
2024-06-18 00:00:00,27.9,24.3,32.2,2.1,,,16.2,,1009.5,
2024-06-19 00:00:00,25.6,24,27.8,9.3,,,13.2,,1009.2,
2024-06-20 00:00:00,26.6,24.1,30.4,0,,,16.2,,1008.7,
2024-06-21 00:00:00,27.5,23.6,31.1,12.7,,,22,,1009.3,
2024-06-22 00:00:00,26.3,24.4,30.2,3.6,,,22.6,,1009.8,
2024-06-23 00:00:00,26.1,23.8,30.6,6.8,,,15.5,,1009.7,
2024-06-24 00:00:00,26.8,23.7,32.2,7.5,,,6.8,,1009.5,
2024-06-25 00:00:00,28.1,24.1,33.8,0.7,,,13.7,,1008.7,
2024-06-26 00:00:00,24.3,24,28.1,8.9,,,20.3,,1009.6,
2024-06-27 00:00:00,26.9,22.9,30.6,0.3,,,21.6,,1010,
2024-06-28 00:00:00,26.9,24.1,32.2,3,,,12.6,,1010.7,
2024-06-29 00:00:00,26.5,23.5,32.7,11.6,,,8.7,,1010.2,
2024-06-30 00:00:00,27.9,23.9,32.9,2.8,,,4.8,,1009.6,
2024-07-01 00:00:00,27.3,24.2,32.8,6.1,,,6.3,,1009.2,
2024-07-02 00:00:00,26,23.9,32.7,13.1,,,6.5,,1009.5,
2024-07-03 00:00:00,25.9,24.3,30.7,24.5,,,7.5,,1011.4,
2024-07-04 00:00:00,26.3,23.1,30.5,15.5,,,6.7,,1011.1,
2024-07-05 00:00:00,27.7,23.4,32.7,1.2,,,15.2,,1008.8,
2024-07-06 00:00:00,26.7,24.1,31.2,16.5,,,21.5,,1008.5,
2024-07-07 00:00:00,26.8,24.2,31.7,19.3,,,19.2,,1009.2,
2024-07-08 00:00:00,25.7,23.6,30.3,12.3,,,12.1,,1009.2,
2024-07-09 00:00:00,27.1,24.2,31.4,13.5,,,9.7,,1009.8,
2024-07-10 00:00:00,25,23.6,29.2,17.2,,,10.5,,1011.1,
2024-07-11 00:00:00,24,23.6,25.3,4.3,,,13.2,,1010.9,
2024-07-12 00:00:00,27.2,23.1,31.3,0.2,,,12.8,,1008.7,
2024-07-13 00:00:00,25.8,24.2,29.5,2,,,22,,1009.1,
2024-07-14 00:00:00,26.8,24.1,31.6,0.2,,,24.6,,1009.1,
2024-07-15 00:00:00,27.6,23.7,32.2,0,,,22.7,,1008.6,
2024-07-16 00:00:00,27.2,24.3,31.5,0.6,,,22.1,,1009.8,
2024-07-17 00:00:00,28.1,24.1,31.4,0,,,26.7,,1009.9,
2024-07-18 00:00:00,27.9,23.1,31.5,0,,,28.7,,1010.9,
2024-07-19 00:00:00,26.9,24.4,30.7,0,,,26.2,,1010.7,
2024-07-20 00:00:00,27.9,23.2,32.1,0,,,27.3,,1010.8,
2024-07-21 00:00:00,28.3,24.7,32.1,0,,,23,,1011,
2024-07-22 00:00:00,28,25.3,32.3,0,,,23.1,,1011,
2024-07-23 00:00:00,25.3,23.2,28.8,5.8,,,17.9,,1011.3,
2024-07-24 00:00:00,27.2,23.7,31.5,0.2,,,18.4,,1009.5,
2024-07-25 00:00:00,27.9,23.6,32.6,0.1,,,19.9,,1008.2,
2024-07-26 00:00:00,27.5,23.8,33,0,,,19.5,,1009.3,
2024-07-27 00:00:00,27.7,22.8,33.1,0,,,17.2,,1010.5,
2024-07-28 00:00:00,28,23.3,33.1,0,,,18.1,,1010.1,
2024-07-29 00:00:00,27.8,23.8,33.1,0,,,19.3,,1009.3,
2024-07-30 00:00:00,27.9,24.2,33.3,1.7,,,19.5,,1010.3,
2024-07-31 00:00:00,28.7,23,33.6,0.2,,,18.9,,1011.7,
2024-08-01 00:00:00,27.9,24.7,32.8,0,,,23.8,,1011.5,
2024-08-02 00:00:00,28.4,23.4,33.3,0,,,21.7,,1010.5,
2024-08-03 00:00:00,28.2,23,33.2,0.6,,,16.1,,1010.9,
2024-08-04 00:00:00,26.7,24.6,31.2,5.6,,,19,,1011.2,
2024-08-05 00:00:00,26.7,23.2,32.3,1.8,,,21.5,,1010.6,
2024-08-06 00:00:00,26.4,23.4,33.5,6.3,,,18.3,,1010,
2024-08-07 00:00:00,25.1,23.9,27.2,9.9,,,20.9,,1011.2,
2024-08-08 00:00:00,27.5,23.4,31.8,1.1,,,23.6,,1011.2,
2024-08-09 00:00:00,26.8,24.2,31.1,0.9,,,19.9,,1010.9,
2024-08-10 00:00:00,25.9,23.2,31.2,1.1,,,18.8,,1009.5,
2024-08-11 00:00:00,27.9,21.1,33,0,,,23.3,,1008.8,
2024-08-12 00:00:00,26.7,24.3,29.7,0,,,25.9,,1009.2,
2024-08-13 00:00:00,25.9,23.7,28.7,0,,,21.8,,1010.2,
2024-08-14 00:00:00,26.8,24,33.2,1.1,,,20.8,,1010.1,
2024-08-15 00:00:00,28.4,22.4,33.3,0.1,,,21.7,,1009,
2024-08-16 00:00:00,27.7,24.2,32.7,0.7,,,22.7,,1008.8,
2024-08-17 00:00:00,27.2,23.1,33.3,0.6,,,19.4,,1009.8,
2024-08-18 00:00:00,28,23.4,34.1,0.2,,,18.8,,1009.7,
2024-08-19 00:00:00,28.4,24.8,33.7,0.3,,,24.1,,1009.4,
2024-08-20 00:00:00,25.6,24.6,31.9,0,,,24.3,,1010.3,
2024-08-21 00:00:00,27,23.9,33.8,3.1,,,18.4,,1010.3,
2024-08-22 00:00:00,26.2,24.1,29.4,152.6,,,9.9,,1010.8,
2024-08-23 00:00:00,26.2,23.4,32,6.4,,,10,,1010.9,
2024-08-24 00:00:00,27.1,23.4,31.9,0.2,,,15.7,,1010.7,
2024-08-25 00:00:00,27.8,23.6,33,0,,,14.5,,1009.6,
2024-08-26 00:00:00,26.6,23.6,31.6,10.1,,,16,,1009.4,
2024-08-27 00:00:00,26.9,23.3,32.9,13.3,,,15.2,,1009.9,
2024-08-28 00:00:00,27,23.4,33,,,,,,,
2024-08-29 00:00:00,27.1,23.6,31.9,,,,,,,
2024-08-30 00:00:00,25.1,,,4.1,,,,,,
2024-08-31 00:00:00,27.2,23.4,32.1,,,,,,,
2024-09-01 00:00:00,27.9,23.2,32.5,,,,,,,
2024-09-02 00:00:00,27.7,,32.1,,,,,,,
2024-09-03 00:00:00,27.8,23.8,32.8,,,,,,,
2024-09-04 00:00:00,26.9,,34,,,,,,,
2024-09-05 00:00:00,28.3,23.2,34.2,0,,,7.1,,1007.6,
2024-09-06 00:00:00,28.4,24.6,33.8,0,,,11.8,,1009.2,
2024-09-07 00:00:00,27.6,23.6,33.7,1.8,,,6.6,,1010.2,
2024-09-08 00:00:00,27.9,23.8,34.6,1.2,,,6.3,,1009.4,
2024-09-09 00:00:00,28.7,23.7,33.8,0.6,,,8.6,,1007.9,
2024-09-10 00:00:00,27.6,24.1,33.1,0,,,10.1,,1008.2,
2024-09-11 00:00:00,27.6,21.2,33.3,0,,,11.6,,1008.8,
2024-09-12 00:00:00,27.6,23,33.4,0,,,8.3,,1008.5,
2024-09-13 00:00:00,28.7,22.2,32.7,0,,,17.7,,1008,
2024-09-14 00:00:00,27.1,24.4,32.7,0,,,13.9,,1006.6,
2024-09-15 00:00:00,27.2,22.2,33.3,0,,,7.8,,1006.5,
2024-09-16 00:00:00,28.2,23.3,33.8,0,,,6.8,,1005.6,
2024-09-17 00:00:00,29.1,23.2,33.7,0,,,10.4,,1005,
2024-09-18 00:00:00,29,25.6,35,0,,,10,,1005.4,
2024-09-19 00:00:00,29.7,23.4,35.7,0.4,,,6.6,,1007,
2024-09-20 00:00:00,29.4,23.5,35,0,,,7.5,,1007,
2024-09-21 00:00:00,27.6,25.4,34.4,1.1,,,7.8,,1008.3,
2024-09-22 00:00:00,27.9,24.8,35.5,4.2,,,5.3,,1008.8,
2024-09-23 00:00:00,28.8,24.4,35.6,6,,,4.6,,1009.2,
2024-09-24 00:00:00,27.8,24.5,35.5,0.4,,,5.8,,1008.7,
2024-09-25 00:00:00,29,23.6,35.1,2,,,7.4,,1008.4,
2024-09-26 00:00:00,27.9,25.4,35,7.2,,,5.8,,1009,
2024-09-27 00:00:00,26.5,23.4,35,7.8,,,4.8,,1009.6,
2024-09-28 00:00:00,26.8,23.3,33.2,2.2,,,5.2,,1009.3,
2024-09-29 00:00:00,28.2,23.6,33.4,0,,,10.6,,1008,
2024-09-30 00:00:00,28.3,24.5,34,0.4,,,7.1,,1008,
2024-10-01 00:00:00,26.6,24.7,34.3,10.8,,,6.4,,1007.8,
2024-10-02 00:00:00,25.4,24.3,29.9,2,,,2.8,,1008.7,
2024-10-03 00:00:00,26.9,22.8,34.3,0.3,,,4.4,,1009.2,
2024-10-04 00:00:00,28,24.1,33.5,0.2,,,5.2,,1007.9,
2024-10-05 00:00:00,28.9,24.4,33.8,0.6,,,7.1,,1007.7,
2024-10-06 00:00:00,28.4,24.7,33.8,0,,,6.3,,1008.3,
2024-10-07 00:00:00,27.7,24.7,34,0.1,,,6.2,,1009.6,
2024-10-08 00:00:00,27.9,25.1,33.5,6.2,,,5,,1009.6,
2024-10-09 00:00:00,27.8,24.1,34.5,7.6,,,6.2,,1008.9,
2024-10-10 00:00:00,27.6,25.3,34.4,4.5,,,4.3,,1008,
2024-10-11 00:00:00,27.9,24.2,34.4,0.2,,,6.6,,1007.6,
2024-10-12 00:00:00,27.6,25.1,33.7,1.1,,,6.2,,1008,
2024-10-13 00:00:00,26.6,23.3,34.8,11.6,,,4.3,,1007.3,
2024-10-14 00:00:00,27.7,24.7,34.2,10.8,,,5.1,,1007.3,
2024-10-15 00:00:00,27.9,24.6,34.5,8.4,,,6.6,,1008.4,
2024-10-16 00:00:00,26.2,24.2,32.9,3.3,,,3.6,,1009.5,
2024-10-17 00:00:00,27.3,24.4,33.6,2,,,5,,1008.7,
2024-10-18 00:00:00,25.2,24,30.3,20.2,,,6.2,,1009.6,
2024-10-19 00:00:00,27.3,23.8,33.5,0.8,,,4,,1009,
2024-10-20 00:00:00,27.7,24.1,34.4,10.1,,,6.5,,1009.1,
2024-10-21 00:00:00,27.4,23.5,32.7,18.8,,,8.2,,1008.2,
2024-10-22 00:00:00,27.9,23.9,33.1,7.5,,,9.5,,1007.3,
2024-10-23 00:00:00,28.7,24.2,34.1,0,,,7.6,,1006.8,
2024-10-24 00:00:00,28.8,24.3,34.1,1,,,6.6,,1006.9,
2024-10-25 00:00:00,29.3,24.7,33.5,0,,,8,,1006.9,
2024-10-26 00:00:00,29.2,25,33.5,0.5,,,7.2,,1006.8,
2024-10-27 00:00:00,28.6,24.3,34.2,0.5,,,7.3,,1006.9,
2024-10-28 00:00:00,31.1,24,33.1,0,,,13.3,,1007.8,
2024-10-29 00:00:00,27.5,23.5,31.7,0,,,18.5,,1009.4,
2024-10-30 00:00:00,27.3,22.9,31.2,0.8,,,11,,1009.8,
2024-10-31 00:00:00,27.5,23.1,31.2,0.4,,,10.1,,1009.9,
2024-11-01 00:00:00,27,23.6,30.6,1.4,,,8.7,,1010.9,
2024-11-02 00:00:00,26.4,24,31.1,3.7,,,6.7,,1011.1,
2024-11-03 00:00:00,26.4,23.7,30,1,,,8,,1010.1,
2024-11-04 00:00:00,26,23.6,28.9,9.5,,,8.2,,1009.8,
2024-11-05 00:00:00,26.8,24,30,0.2,,,7.8,,1009.8,
2024-11-06 00:00:00,27,23.4,30.5,1.7,,,10.6,,1009.8,
2024-11-07 00:00:00,26.9,24.2,30.4,1.6,,,9.2,,1010.5,
2024-11-08 00:00:00,26.5,24.1,29.7,1.8,,,7.8,,1010.3,
2024-11-09 00:00:00,26.7,23.9,29.9,1.6,,,8.2,,1010.1,
2024-11-10 00:00:00,26.2,23.6,30,5.9,,,9.1,,1010.1,
2024-11-11 00:00:00,26.9,23.8,30.4,1.9,,,10.6,,1009.6,
2024-11-12 00:00:00,26.8,24.1,30.5,1.4,,,7.5,,1009.4,
2024-11-13 00:00:00,26.7,23.9,30.4,3.8,,,8.1,,1009.1,
2024-11-14 00:00:00,27.1,23.8,33.8,5.4,,,7.8,,1009,
2024-11-15 00:00:00,28.5,24.7,34.6,3.5,,,6.8,,1008,
2024-11-16 00:00:00,26.9,24.5,35.6,5.5,,,7,,1007.8,
2024-11-17 00:00:00,27.7,24.7,33.6,4.1,,,6,,1007.8,
2024-11-18 00:00:00,26.5,25,29.2,3.9,,,7,,1008.3,
2024-11-19 00:00:00,26.4,24.3,30,5.6,,,12.5,,1008.2,
2024-11-20 00:00:00,26.4,24,29.7,4.2,,,6.3,,1007.9,
2024-11-21 00:00:00,26.5,24,30.8,13.2,,,9.3,,1007.3,
2024-11-22 00:00:00,27.8,25,33.4,4,,,7.1,,1007.1,
2024-11-23 00:00:00,28.2,25.4,35.1,15.5,,,8.2,,1007.5,
2024-11-24 00:00:00,28.5,23.3,33.1,9.8,,,9.3,,1007.7,
2024-11-25 00:00:00,27.7,24.6,34.2,11.3,,,5.4,,1007.2,
2024-11-26 00:00:00,27.8,25.2,31.4,2.1,,,6.2,,1006.1,
2024-11-27 00:00:00,27.8,24.2,34,5.2,,,7.9,,1005.8,
2024-11-28 00:00:00,28.2,25.2,34.4,3.2,,,6,,1005.9,
2024-11-29 00:00:00,28.8,25.6,33.1,8.1,,,5.4,,1005.8,
2024-11-30 00:00:00,28.1,26.2,32.6,6.9,,,6,,1005.8,
2024-12-01 00:00:00,27.1,24.8,30.4,9.8,,,11.2,,1007.3,
2024-12-02 00:00:00,28.4,24.7,32,0.3,,,9.3,,1006.5,
2024-12-03 00:00:00,29.4,25.8,33.8,3.8,,,7.7,,1005.7,
2024-12-04 00:00:00,28.1,24.5,31.9,7,,,9.5,,1005.8,
2024-12-05 00:00:00,27.9,24.6,31.9,6.2,,,8.7,,1005.9,
2024-12-06 00:00:00,27.8,25.4,33,3.1,,,8.6,,1005.7,
2024-12-07 00:00:00,27.7,24.6,32.6,6.6,,,5.6,,1005.9,
2024-12-08 00:00:00,28.3,25.3,33.4,1.5,,,5.2,,1005.5,
2024-12-09 00:00:00,29.4,26.2,33.8,0.3,,,6.8,,1004.8,
2024-12-10 00:00:00,28.9,26.5,34.8,,,,4.8,,1005.1,
2024-12-11 00:00:00,27.6,25.2,35.5,,,,5.4,,1005.4,
2024-12-12 00:00:00,26.2,24.3,33.2,,,,5.3,,1005.9,
2024-12-13 00:00:00,27.6,24,33.6,,,,4.7,,1006.2,
2024-12-14 00:00:00,25.9,24,28.1,1.4,,,4.4,,1008.2,
2024-12-15 00:00:00,27.5,23.3,33.3,0.7,,,6.9,,1007.9,
2024-12-16 00:00:00,27.5,23.6,34.1,0.2,,,5.1,,1007.1,
2024-12-17 00:00:00,27.5,24,34,0.3,,,4.2,,1006.7,
2024-12-18 00:00:00,28.5,23.8,34.2,1.2,,,5.6,,1005.7,
2024-12-19 00:00:00,29.4,25,35.5,1.4,,,6.6,,1004.3,
2024-12-20 00:00:00,29.3,24.8,35.6,0,,,5.4,,1004.5,
2024-12-21 00:00:00,29.1,24.9,35.4,0.9,,,4.9,,1004.9,
2024-12-22 00:00:00,25.9,25,30.3,2.1,,,5.2,,1006.8,
2024-12-23 00:00:00,28.4,23.6,34.9,0.5,,,5.3,,1006.3,
2024-12-24 00:00:00,28.9,24.4,33.6,1,,,6.2,,1006.7,
2024-12-25 00:00:00,26.8,24.5,32.3,5.3,,,4.3,,1008.3,
2024-12-26 00:00:00,25.4,23.7,32.4,1.1,,,4.4,,1010.1,
2024-12-27 00:00:00,27.9,23.2,33.4,0.2,,,3.9,,1009,
2024-12-28 00:00:00,27.6,24.4,30.4,0.3,,,3.7,,1008.4,
2024-12-29 00:00:00,26.9,25.6,32.3,0,,,7.3,,1008,
2024-12-30 00:00:00,28.1,24,33.1,0.1,,,5.3,,1008.4,
2024-12-31 00:00:00,27.3,24.6,32.1,5,,,5.3,,1008,
2025-01-01 00:00:00,27.6,24.4,33.3,11.1,,,6,,1007.2,
2025-01-02 00:00:00,26.1,25.3,30.8,7.7,,,5.9,,1007.7,
2025-01-03 00:00:00,27.7,22.5,33.4,4.6,,,5.6,,1007,
2025-01-04 00:00:00,26.4,24.4,33.4,0.8,,,6.7,,1007,
2025-01-05 00:00:00,25.7,23.9,34.1,0,,,4.2,,1007.8,
2025-01-06 00:00:00,28.5,23.3,33.2,3.7,,,4.6,,1007.8,
2025-01-07 00:00:00,28.8,24.3,33.7,0,,,4.5,,1007.1,
2025-01-08 00:00:00,26.3,24,33.4,12.5,,,4.2,,1007.9,
2025-01-09 00:00:00,27,23,32.9,11.1,,,3.7,,1008.6,
2025-01-10 00:00:00,27.8,24.4,33.8,1.8,,,5.8,,1009.2,
2025-01-11 00:00:00,27.1,25.1,31.9,0,,,6.4,,1009.3,
2025-01-12 00:00:00,28.1,24,31.7,2,,,6.3,,1007.9,
2025-01-13 00:00:00,26.5,25,30,9.2,,,5.5,,1008.2,
2025-01-14 00:00:00,27.9,24.6,33.1,2.5,,,5.4,,1008.3,
2025-01-15 00:00:00,27.4,24.7,31.9,12.6,,,5.8,,1007.6,
2025-01-16 00:00:00,27.9,24.7,32.7,7.6,,,6.5,,1006.8,
2025-01-17 00:00:00,27.2,24.9,31.1,1.8,,,6.5,,1007,
2025-01-18 00:00:00,26.9,25.3,31,3.2,,,7,,1006.4,
2025-01-19 00:00:00,26.6,24.6,32.8,9.3,,,2.9,,1005.4,
2025-01-20 00:00:00,26.6,24.7,33.3,8.4,,,5.6,,1005.9,
2025-01-21 00:00:00,27.1,24.4,32.8,18.4,,,4.7,,1006.7,
2025-01-22 00:00:00,25.2,23.9,30,6.4,,,3.7,,1007.8,
2025-01-23 00:00:00,26.1,23.4,31.9,4.4,,,7.4,,1008.1,
2025-01-24 00:00:00,25.9,23.6,31.7,22.1,,,6.1,,1007.2,
2025-01-25 00:00:00,26.2,24.2,31.9,5.5,,,4.5,,1006.6,
2025-01-26 00:00:00,27.2,24.6,31.8,2.4,,,5.4,,1006.1,
2025-01-27 00:00:00,26.3,24.3,32,7.7,,,3.6,,1005.5,
2025-01-28 00:00:00,26.8,24.3,32.8,7.8,,,3.4,,1007.3,
2025-01-29 00:00:00,27,24.3,33.1,9.4,,,3.8,,1007.5,
2025-01-30 00:00:00,27.8,24.6,32,8.4,,,7.9,,1006.2,
2025-01-31 00:00:00,27.6,24.7,31.4,8.2,,,4,,1005.8,
2025-02-01 00:00:00,25.7,24.1,30.1,14.2,,,4.7,,1006.5,
2025-02-02 00:00:00,26.4,22.8,30.4,1.2,,,4.9,,1006.8,
2025-02-03 00:00:00,27.9,23.2,31,0,,,6.8,,1006.2,
2025-02-04 00:00:00,26.8,25,32.2,0.7,,,6,,1006.7,
2025-02-05 00:00:00,28.1,23.8,33.3,0.5,,,5.5,,1005.9,
2025-02-06 00:00:00,27.1,24.9,31.1,2.9,,,4.3,,1006,
2025-02-07 00:00:00,27.8,24.9,31.5,0.6,,,5.7,,1006,
2025-02-08 00:00:00,28.4,25.2,33.4,1.1,,,7.9,,1005.3,
2025-02-09 00:00:00,27.3,25.7,32.2,0,,,5.9,,1006.1,
2025-02-10 00:00:00,27.3,24.3,33.6,0,,,9.3,,1007.2,
2025-02-11 00:00:00,26.5,24.6,31.8,0.4,,,6.8,,1008.7,
2025-02-12 00:00:00,28.1,24,32.9,0.2,,,8.3,,1009.7,
2025-02-13 00:00:00,28.6,24.8,33,0,,,5.9,,1009.3,
2025-02-14 00:00:00,27.2,25.3,31.9,2.3,,,6.8,,1008.6,
2025-02-15 00:00:00,27.8,24.4,31.6,2.6,,,5.3,,1007.9,
2025-02-16 00:00:00,27.9,24.7,33.3,5.1,,,4.6,,1008.5,
2025-02-17 00:00:00,27.1,25.3,32.3,5.1,,,3.5,,1009.3,
2025-02-18 00:00:00,27.3,24.5,32.7,5.4,,,6.1,,1009.5,
2025-02-19 00:00:00,27.6,24.4,31.3,0.6,,,8.9,,1008.8,
2025-02-20 00:00:00,28.1,24.4,33.1,5,,,6.2,,1009,
2025-02-21 00:00:00,27.4,24.3,31.6,0.9,,,10.4,,1010.1,
2025-02-22 00:00:00,26.6,24.8,33.7,6.5,,,4.3,,1009.9,
2025-02-23 00:00:00,27.1,24,30.5,5.6,,,9.1,,1011.3,
2025-02-24 00:00:00,27.5,24.5,31.7,3.4,,,6.3,,1010.8,
2025-02-25 00:00:00,27.6,24.5,32.3,3.6,,,6.3,,1010.9,
2025-02-26 00:00:00,27.7,24.6,32.1,17.5,,,5.3,,1010.2,
2025-02-27 00:00:00,28.2,25,32.3,3.1,,,5.7,,1009.6,
2025-02-28 00:00:00,28.1,23.9,31.4,8,,,7.2,,1008.9,
2025-03-01 00:00:00,27.3,24.7,31.4,12.9,,,7,,1008.2,
2025-03-02 00:00:00,27.9,24.8,33.1,3.1,,,5.9,,1007,
2025-03-03 00:00:00,27.9,24.9,33,13.5,,,5,,1006.3,
2025-03-04 00:00:00,26.9,25.1,32.6,6.1,,,4.4,,1006.6,
2025-03-05 00:00:00,27.2,25.2,33,34,,,4.5,,1007.2,
2025-03-06 00:00:00,27.1,24.9,31.8,5.7,,,5,,1007.4,
2025-03-07 00:00:00,27.3,24.8,31.4,16.9,,,5.6,,1006.6,
2025-03-08 00:00:00,25.9,25.1,30.1,10.9,,,3.4,,1008,
2025-03-09 00:00:00,26.1,23.7,29.7,5,,,5.7,,1009.8,
2025-03-10 00:00:00,27.4,23.7,32.4,0.7,,,4.5,,1009.7,
2025-03-11 00:00:00,26.2,25,30.6,13.3,,,4.2,,1008.8,
2025-03-12 00:00:00,28.2,24.5,32.7,10,,,6,,1007.9,
2025-03-13 00:00:00,27.1,23.7,31.1,11.8,,,5.8,,1007.5,
2025-03-14 00:00:00,26.7,24.8,30.4,9.3,,,6.3,,1008.5,
2025-03-15 00:00:00,27.8,24.2,31,,,,5.8,,1007.6,
2025-03-16 00:00:00,26.6,24.9,31.2,,,,5.5,,1007.1,
2025-03-17 00:00:00,27.2,24.5,30,,,,4.4,,1007,
2025-03-18 00:00:00,27.9,24.6,32.1,,,,6.2,,1007.8,
2025-03-19 00:00:00,27.2,,31.1,,,,5.7,,1009,
2025-03-20 00:00:00,27.4,24.8,32.9,,,,5.6,,1009.4,
2025-03-21 00:00:00,26.1,,28.8,,,,5.2,,1009.8,
2025-03-22 00:00:00,25.3,23.8,30.4,26.9,,,4.4,,1010.3,
2025-03-23 00:00:00,26.8,23.5,30.9,0.9,,,7.2,,1009,
2025-03-24 00:00:00,27.5,24.4,32.2,0.9,,,6.5,,1007.5,
2025-03-25 00:00:00,28.2,23.7,31.8,0.6,,,5.8,,1006.4,
2025-03-26 00:00:00,28.4,25.1,32.6,0.3,,,6.4,,1005.6,
2025-03-27 00:00:00,29.7,25.5,33.4,3.1,,,5.8,,1005,
2025-03-28 00:00:00,28.2,23.9,33.3,2.2,,,7.2,,1006.2,
2025-03-29 00:00:00,28.3,24.8,34.2,7.2,,,6.7,,1006.5,
2025-03-30 00:00:00,26.8,24.9,32.5,15.6,,,5.1,,1008.3,
2025-03-31 00:00:00,27.2,24.4,30.9,5.9,,,7.8,,1007.6,
2025-04-01 00:00:00,27,24.3,32.3,6.3,,,4.6,,1007.4,
2025-04-02 00:00:00,26.6,25.3,31.7,3.7,,,6.5,,1009,
2025-04-03 00:00:00,27.9,24.5,31.6,8.8,,,5.9,,1008.9,
2025-04-04 00:00:00,27.2,24.9,31.6,9.7,,,5.9,,1009.3,
2025-04-05 00:00:00,28.7,25.2,33.5,2.4,,,6.5,,1008.5,
2025-04-06 00:00:00,27.9,25.6,33.6,15,,,5.3,,1008.8,
2025-04-07 00:00:00,28.9,24.9,32.9,2.9,,,6,,1009.8,
2025-04-08 00:00:00,27.5,26.5,33.3,2.5,,,4.2,,1009.8,
2025-04-09 00:00:00,27.8,25.5,32.9,4.1,,,4.4,,1008.8,
2025-04-10 00:00:00,28.3,25.9,31.4,7.9,,,5.2,,1007.2,
2025-04-11 00:00:00,27.9,24.4,33.9,7.4,,,5.2,,1007.5,
2025-04-12 00:00:00,28.3,25.6,34.3,2.8,,,5,,1008,
2025-04-13 00:00:00,26.6,25,32.8,3.1,,,4.2,,1008.3,
2025-04-14 00:00:00,27.4,24.8,33.1,12.6,,,4.2,,1008.2,
2025-04-15 00:00:00,28.4,25.7,32.8,14.9,,,5.5,,1007.9,
2025-04-16 00:00:00,27.9,24.1,31.1,12.6,,,5.9,,1008.4,
2025-04-17 00:00:00,28.6,26,33.2,1.6,,,7.2,,1007.7,
2025-04-18 00:00:00,28.2,24.2,34.6,0.3,,,6.4,,1007.1,
2025-04-19 00:00:00,28.1,23.1,32.6,5,,,5.8,,1008,
2025-04-20 00:00:00,27.4,25.1,32.8,0.1,,,4.5,,1007.7,
2025-04-21 00:00:00,27.3,24.2,33.3,3.4,,,5.1,,1008.8,
2025-04-22 00:00:00,27.3,24.7,32.5,18.7,,,4.8,,1008.9,
2025-04-23 00:00:00,25.5,24.1,32.1,7.9,,,6.2,,1009.3,
2025-04-24 00:00:00,26.9,24,29.8,2.9,,,4.9,,1008.4,
2025-04-25 00:00:00,26.5,24.9,31.2,12.2,,,4.2,,1008.7,
2025-04-26 00:00:00,25.9,24.4,30.4,6.2,,,5.3,,1009.1,
2025-04-27 00:00:00,26.9,23.6,32.9,0,,,4.5,,1008,
2025-04-28 00:00:00,28.2,24.6,31.7,1.8,,,4.2,,1007.1,
2025-04-29 00:00:00,27.4,25.6,31.6,0.8,,,5.4,,1007.4,
2025-04-30 00:00:00,26.9,24.7,32.8,9.4,,,4.8,,1007.8,
2025-05-01 00:00:00,28.7,24,32.1,8.2,,,6.4,,1008,
2025-05-02 00:00:00,26.9,25.5,30.8,5.3,,,6.2,,1007.7,
2025-05-03 00:00:00,27,24.8,32.1,1.7,,,5.1,,1007.5,
2025-05-04 00:00:00,27.7,24.1,32.1,4.6,,,3,,1006.8,
2025-05-05 00:00:00,26.9,25.3,33.2,4.8,,,5.1,,1007.8,
2025-05-06 00:00:00,27.2,24.9,31.7,6.9,,,4.2,,1008,
2025-05-07 00:00:00,27.1,24.6,33,0.9,,,4.7,,1007.1,
2025-05-08 00:00:00,28.2,24.5,33.1,2.6,,,4.6,,1006.9,
2025-05-09 00:00:00,28.3,25.3,33.2,11,,,5.2,,1007.2,
2025-05-10 00:00:00,27.8,25.4,32,7.8,,,5,,1007.4,
2025-05-11 00:00:00,27.8,24.5,33.2,3.8,,,4.9,,1006.4,
2025-05-12 00:00:00,27,24.8,32.5,5.6,,,3.8,,1007.2,
2025-05-13 00:00:00,27,24.4,32.8,4.8,,,3.9,,1008.3,
2025-05-14 00:00:00,27.1,24.7,32.4,4.1,,,4.5,,1008.7,
2025-05-15 00:00:00,27.1,24,30.4,4.7,,,4.2,,1008.2,
2025-05-16 00:00:00,27.7,24.7,32.5,7,,,6.2,,1008.1,
2025-05-17 00:00:00,26.7,24,32.3,5.1,,,5,,1008.1,
2025-05-18 00:00:00,26.9,24.3,32,6.5,,,3.8,,1008,
2025-05-19 00:00:00,26.6,24.9,31.8,1,,,4.4,,1007.5,
2025-05-20 00:00:00,28.1,24.4,33.1,10.3,,,6.1,,1007.1,
2025-05-21 00:00:00,26.3,25.2,28.9,13.7,,,4.8,,1007.5,
2025-05-22 00:00:00,27.8,24.1,31.7,0.2,,,4.2,,1006.1,
2025-05-23 00:00:00,28.2,24.5,32.7,6.1,,,3.9,,1005.6,
2025-05-24 00:00:00,27.3,25.6,32,2.4,,,4.3,,1006.7,
2025-05-25 00:00:00,25.7,24.5,30.6,2.1,,,5,,1008.4,
2025-05-26 00:00:00,28.2,24.2,33.1,5,,,4.7,,1007.8,
2025-05-27 00:00:00,28.3,24.3,33.2,4.1,,,5.7,,1008.3,
2025-05-28 00:00:00,27.7,24.7,31.8,6,,,7.2,,1008.9,
2025-05-29 00:00:00,27.8,24.8,32.6,6.3,,,4,,1009.6,
2025-05-30 00:00:00,27.3,25,32.8,5.7,,,5.7,,1010,
2025-05-31 00:00:00,26.7,25.2,31.5,14.5,,,3.6,,1010.4,
2025-06-01 00:00:00,25.3,24.2,30.4,10.7,,,4.4,,1010.7,
2025-06-02 00:00:00,25.7,23.8,27.6,1,,,3.8,,1009.7,
2025-06-03 00:00:00,25.5,23.8,29.5,7.4,,,7,,1009.8,
2025-06-04 00:00:00,26.1,23.4,31.6,0.3,,,4.3,,1010.2,
2025-06-05 00:00:00,27.6,22.9,32.2,1.2,,,4.6,,1009.3,
2025-06-06 00:00:00,28,24.4,31.7,0.1,,,4.8,,1008.3,
2025-06-07 00:00:00,28.1,25,32.5,1.1,,,5.7,,1008.4,
2025-06-08 00:00:00,28,23.6,32.5,0.9,,,9.5,,1008.1,
2025-06-09 00:00:00,27.9,23.4,33.7,0.3,,,7.2,,1007.2,
2025-06-10 00:00:00,28.2,23.9,32.7,0,,,6.6,,1006.6,
2025-06-11 00:00:00,28.7,24.1,32.5,1.7,,,5.6,,1006.8,
2025-06-12 00:00:00,25.8,24.4,31.7,1.9,,,5.7,,1009.5,
2025-06-13 00:00:00,27.2,24.4,33.2,1.3,,,4.6,,1009.9,
2025-06-14 00:00:00,27.4,24.9,32.3,12.6,,,6.5,,1009.1,
2025-06-15 00:00:00,27.8,23.8,31.4,0.2,,,7.4,,1009.2,
2025-06-16 00:00:00,27.6,24.8,32.2,0,,,7.8,,1009.2,
2025-06-17 00:00:00,26.3,23.8,30.9,7.1,,,5.4,,1009.5,
2025-06-18 00:00:00,26.8,24,30.5,13.6,,,4.6,,1008.9,
2025-06-19 00:00:00,27.5,25.2,32.2,4.2,,,4.1,,1008.6,
2025-06-20 00:00:00,27.2,24.8,32,14.8,,,5.5,,1009,
2025-06-21 00:00:00,25.7,23.5,29.2,26.6,,,6.9,,1010.1,
2025-06-22 00:00:00,25.9,23.1,30.5,1,,,4.4,,1010.2,
2025-06-23 00:00:00,26.8,23.6,30.7,1.3,,,4,,1008.7,
2025-06-24 00:00:00,27.2,24.8,31.9,2.1,,,6.1,,1009,
2025-06-25 00:00:00,24.4,23.5,29,1.3,,,4.1,,1010.3,
2025-06-26 00:00:00,27.2,22,31.6,4.2,,,5.2,,1010,
2025-06-27 00:00:00,27.8,24.2,31.7,1.6,,,4.6,,1008.8,
2025-06-28 00:00:00,27.4,25.1,32.5,1.9,,,4,,1007.9,
2025-06-29 00:00:00,25.6,23.1,31.8,3.9,,,5.5,,1007.6,
2025-06-30 00:00:00,26.4,22.8,31.5,12.5,,,5.7,,1008.2,
2025-07-01 00:00:00,27.6,22.8,31.4,0.2,,,9.4,,1008.9,
2025-07-02 00:00:00,25.2,24.2,29.9,3.2,,,5.7,,1009.2,
2025-07-03 00:00:00,27.6,23.4,32.1,0,,,6,,1009,
2025-07-04 00:00:00,27,24.2,31.4,3.3,,,5.6,,1009.3,
2025-07-05 00:00:00,27.3,23.6,31.8,1.2,,,6.2,,1009.5,
2025-07-06 00:00:00,26.6,24,31.4,3.3,,,6.7,,1009.4,
2025-07-07 00:00:00,26.2,23.9,30.4,22.1,,,5,,1009.7,
2025-07-08 00:00:00,27.1,23.8,31.1,1.9,,,5.4,,1009.2,
2025-07-09 00:00:00,25.4,24.1,31.2,3.7,,,5.1,,1008.2,
2025-07-10 00:00:00,24.9,22.9,30.7,0.3,,,4.8,,1007.3,
2025-07-11 00:00:00,26.7,23.1,29.7,0,,,3.9,,1007.5,
2025-07-12 00:00:00,28,24,31.9,0.8,,,6.1,,1008.6,
2025-07-13 00:00:00,27.8,25,32,0.3,,,6.3,,1008.7,
2025-07-14 00:00:00,27.7,24.6,31.6,0.1,,,7.6,,1008.2,
2025-07-15 00:00:00,27.1,25.1,30.4,4.8,,,6.2,,1007.9,
2025-07-16 00:00:00,25.9,24.4,30.6,3.7,,,6.5,,1008.2,
2025-07-17 00:00:00,26.6,23.4,31,0.1,,,6.4,,1008.1,
2025-07-18 00:00:00,27.3,23.3,31,0,,,7.7,,1007,
2025-07-19 00:00:00,27.4,24.5,31.9,0,,,8.3,,1006.5,
2025-07-20 00:00:00,27.3,24.6,31.8,0,,,8.1,,1006.8,
2025-07-21 00:00:00,27.7,23.3,32.9,0,,,5.8,,1007.6,
2025-07-22 00:00:00,27.9,22.9,33,0,,,6.1,,1007.4,
2025-07-23 00:00:00,28,23.9,32.8,0,,,8.2,,1006.6,
2025-07-24 00:00:00,28.5,24.1,33.1,0,,,8.7,,1006.8,
2025-07-25 00:00:00,28.3,24,33,0,,,8.3,,1007.8,
2025-07-26 00:00:00,28.5,24,33.5,0,,,7.7,,1008.6,
2025-07-27 00:00:00,28.3,24.7,32.6,0,,,7.2,,1009,
2025-07-28 00:00:00,28.3,24.7,32.9,0,,,7.7,,1008.7,
2025-07-29 00:00:00,27.9,23.2,33.2,0,,,14.3,,1009.5,
2025-07-30 00:00:00,28.8,24.5,33.4,0.9,,,8.4,,1008.6,
2025-07-31 00:00:00,28.6,24.3,33.3,1.1,,,6.9,,1008.9,
2025-08-01 00:00:00,27.9,23.9,33.2,0,,,8.5,,1008.6,
2025-08-02 00:00:00,28.4,25.2,33.1,0,,,8.3,,1008.6,
2025-08-03 00:00:00,26.6,24.3,33.7,2.6,,,7.3,,1008.9,
2025-08-04 00:00:00,27.4,23.8,32.8,2.8,,,6.7,,1009.1,
2025-08-05 00:00:00,27.1,24.4,32.6,12.3,,,7.4,,1009.1,
2025-08-06 00:00:00,27.4,23.9,31.6,0.3,,,5.6,,1008.9,
2025-08-07 00:00:00,27,24.2,29.6,2.5,,,4.6,,1009.6,
2025-08-08 00:00:00,26.5,24.4,32.8,4.7,,,4.7,,1009.7,
2025-08-09 00:00:00,26.4,23.3,32.5,1.9,,,5.2,,1010,
2025-08-10 00:00:00,27,24.5,31.6,4.1,,,5.6,,1009.3,
2025-08-11 00:00:00,27.3,24.1,31.1,2.2,,,7.8,,1008.4,
2025-08-12 00:00:00,26.2,24.4,30.7,1.7,,,7.9,,1008.6,
2025-08-13 00:00:00,26.3,21.5,31.1,0,,,6.8,,1009.4,
2025-08-14 00:00:00,27.5,22.6,32,0,,,6.9,,1009.3,
2025-08-15 00:00:00,26.6,24.3,30.4,9.1,,,8,,1008.3,
2025-08-16 00:00:00,26.8,24.8,31.9,0.2,,,8.6,,1008.4,
2025-08-17 00:00:00,26.6,23.7,32.9,7.5,,,6.1,,1009.5,
2025-08-18 00:00:00,25.1,24.1,31.2,4.9,,,4.4,,1010.6,
2025-08-19 00:00:00,26.4,23.3,31.8,3.6,,,7.9,,1009.7,
2025-08-20 00:00:00,26.1,23.9,30.3,1.3,,,6.9,,1008.7,
2025-08-21 00:00:00,25.7,24.1,29.6,4.3,,,4.8,,1009.8,
2025-08-22 00:00:00,26.4,23.4,30,8.7,,,4.7,,1009.7,
2025-08-23 00:00:00,25.2,24.1,28.5,1.6,,,5,,1009.5,
2025-08-24 00:00:00,26.8,24.1,31.7,3.2,,,6.6,,1009.1,
2025-08-25 00:00:00,26,23.4,29,1.1,,,6.8,,1010.6,
2025-08-26 00:00:00,25.6,23.4,28.6,2.3,,,7,,1011.1,
2025-08-27 00:00:00,26.1,23.4,28.7,0.5,,,11.3,,1010.5,
2025-08-28 00:00:00,26.4,23.9,29.3,0.2,,,17.9,,1010.2,
2025-08-29 00:00:00,27,23.7,29.9,0,,,21.9,,1011,
2025-08-30 00:00:00,27.1,23.9,30.6,0.1,,,20.5,,1011.1,
2025-08-31 00:00:00,27.3,24.3,30.4,0,,,19.1,,1010.6,
2025-09-01 00:00:00,27.5,24.7,31.3,0,,,28.2,,1010,
2025-09-02 00:00:00,27.3,24.4,30.1,0,,,29,,1010.6,
2025-09-03 00:00:00,27,24.2,30.6,1.3,,,28.4,,1010.6,
2025-09-04 00:00:00,27.1,24.7,30.1,0,,,27.9,,1010.4,
2025-09-05 00:00:00,27.2,24.6,30.6,1.1,,,28.1,,1009.8,
2025-09-06 00:00:00,26.5,24.2,29.6,1.9,,,24.4,,1010.6,
2025-09-07 00:00:00,26.5,23.8,30,2.2,,,19.3,,1010.6,
2025-09-08 00:00:00,25.9,23.3,29.1,5.9,,,9.9,,1011,
2025-09-09 00:00:00,25.6,23.2,28.5,3.7,,,7.1,,1010.8,
2025-09-10 00:00:00,26,23.8,29.1,12.5,,,16.7,,1010.2,
2025-09-11 00:00:00,26.9,23.3,29.9,0,,,14.1,,1009.4,
2025-09-12 00:00:00,26.9,24.3,29.4,0.8,,,13.3,,1010.1,
2025-09-13 00:00:00,27,24,31,2.6,,,18.1,,1010.6,
2025-09-14 00:00:00,26.2,23.3,29.7,6.4,,,16.8,,1010.7,
2025-09-15 00:00:00,25.7,22.4,28.6,14.1,,,16.8,,1011.2,
2025-09-16 00:00:00,26.3,23.4,29.4,2.7,,,17.3,,1010.5,
2025-09-17 00:00:00,27,24.2,31,0,,,22.1,,1010.9,
2025-09-18 00:00:00,27,23.7,30.2,0,,,21,,1011.5,
2025-09-19 00:00:00,27.1,24,30.9,1.1,,,18.5,,1011.8,
2025-09-20 00:00:00,27.1,24.1,31,0,,,17.4,,1010.8,
2025-09-21 00:00:00,27.8,24,31,0.1,,,16.6,,1010.2,
2025-09-22 00:00:00,28,24.8,31.6,0.8,,,20.9,,1009.7,
2025-09-23 00:00:00,27.8,24.9,31.1,0,,,13.6,,1009.9,
2025-09-24 00:00:00,27.7,24.5,31.1,0.1,,,17.5,,1009.3,
2025-09-25 00:00:00,27.9,24.7,30.9,0,,,15.9,,1010,
2025-09-26 00:00:00,28.7,25,32.7,0,,,22.2,,1010,
2025-09-27 00:00:00,27.1,24.9,30.3,4.9,,,14.7,,1011.6,
2025-09-28 00:00:00,26.8,23.5,29.8,0.2,,,14.2,,1011.3,
2025-09-29 00:00:00,27.3,23.7,31.3,1.3,,,18.1,,1010.5,
2025-09-30 00:00:00,27.2,23.1,31,0,,,12.2,,1009.8,
2025-10-01 00:00:00,26.9,23.4,30,0.3,,,12.7,,1010.8,
2025-10-02 00:00:00,27.4,23.3,30.7,0,,,15.2,,1010.6,
2025-10-03 00:00:00,27.4,24.7,30.9,1.2,,,15.6,,1011.3,
2025-10-04 00:00:00,26.8,23.9,30.7,4.5,,,9.9,,1012.1,
2025-10-05 00:00:00,25.6,23.7,29.3,10,,,9.8,,1012.2,
2025-10-06 00:00:00,25.2,23.7,28.9,10.9,,,8.5,,1012.4,
2025-10-07 00:00:00,26.3,23.5,30,1.7,,,6.5,,1011.1,
2025-10-08 00:00:00,26.7,23.5,30.2,1.1,,,9.9,,1010.8,
2025-10-09 00:00:00,27.4,23.6,31.4,0,,,17.5,,1010.6,
2025-10-10 00:00:00,27,23.4,30.6,0.2,,,17.5,,1011,
2025-10-11 00:00:00,26.8,23.9,30.3,0.8,,,17.7,,1011,
2025-10-12 00:00:00,26.9,23.3,30.7,0.4,,,14.5,,1010.4,
2025-10-13 00:00:00,27.1,24.2,30.9,0.7,,,9.1,,1009.7,
2025-10-14 00:00:00,27.4,23.8,30.6,0.3,,,8.5,,1008.3,
2025-10-15 00:00:00,27.2,23.4,30.7,0.5,,,11.9,,1007.5,
2025-10-16 00:00:00,27.7,23.7,31.3,0.3,,,18.3,,1007.2,
2025-10-17 00:00:00,28,24.1,31.5,0,,,19.1,,1007.3,
2025-10-18 00:00:00,27.7,24.3,31,1,,,11.1,,1006.6,
2025-10-19 00:00:00,27.6,24.6,31,5.8,,,8.4,,1006.5,
2025-10-20 00:00:00,27.2,24.7,30.5,3,,,5.9,,1006.7,
2025-10-21 00:00:00,27,25.1,30.3,3.2,,,6.5,,1007.3,
2025-10-22 00:00:00,27.1,24.9,30.5,6.2,,,8.4,,1008.3,
2025-10-23 00:00:00,26.5,24.8,29.3,14.7,,,8.6,,1008.9,
2025-10-24 00:00:00,26.8,24.4,30.5,3.2,,,7.6,,1008.9,
2025-10-25 00:00:00,26.7,23.9,30.2,4.5,,,9.1,,1009.3,
2025-10-26 00:00:00,25.9,24.6,29.5,17.2,,,11.5,,1010.1,
2025-10-27 00:00:00,26,23.7,29.4,4.9,,,11.6,,1010.7,
2025-10-28 00:00:00,27.2,24.3,31.2,3.7,,,9.7,,1010.6,
2025-10-29 00:00:00,26.2,24.3,30.5,10.9,,,7.4,,1010.9,
2025-10-30 00:00:00,27.3,24.4,30.4,0,,,8.3,,1011.2,
2025-10-31 00:00:00,27.6,25,30.3,0,,,9.7,,1011.8,
2025-11-01 00:00:00,27.7,24.9,31.2,1.6,,,10.9,,1011.2,
2025-11-02 00:00:00,27.3,23.7,30.6,0.1,,,8.4,,1010.3,
2025-11-03 00:00:00,27.4,24.1,30.8,1,,,7.2,,1009.1,
2025-11-04 00:00:00,26.7,23.9,29.9,8.2,,,6.5,,1008.8,
2025-11-05 00:00:00,27.7,24.6,31,0.3,,,9.4,,1007.6,
2025-11-06 00:00:00,27,24.5,30.7,3,,,9.6,,1008.6,
2025-11-07 00:00:00,27.2,23.8,30.7,0.4,,,14.1,,1009.4,
2025-11-08 00:00:00,27.3,24.4,31.4,1.6,,,10.6,,1009,
2025-11-09 00:00:00,27.5,24.8,31,6,,,9.5,,1007.6,
2025-11-10 00:00:00,26.9,25.1,29.6,7.8,,,10.2,,1008.6,
2025-11-11 00:00:00,27,24.7,30.4,1.7,,,10.1,,1009.2,
2025-11-12 00:00:00,26,24.1,29.8,8.1,,,9,,1010.1,
2025-11-13 00:00:00,26,23.4,30.2,5.8,,,15.5,,1009.4,
2025-11-14 00:00:00,26.8,23.7,31.2,2.9,,,18.3,,1008.6,
2025-11-15 00:00:00,27.4,23.9,31.6,0.3,,,13.7,,1008.8,
2025-11-16 00:00:00,26.6,24.2,30.5,15,,,11.4,,1009.9,
2025-11-17 00:00:00,26.6,23.5,30.9,2.7,,,15.9,,1009.4,
2025-11-18 00:00:00,26.4,24,29.9,5.3,,,19.5,,1008.6,
2025-11-19 00:00:00,26.7,23.9,30.6,2,,,15.6,,1008.1,
2025-11-20 00:00:00,26.6,23.9,30.7,3,,,17.2,,1008.6,
2025-11-21 00:00:00,26.8,24.6,30.2,3.6,,,17.9,,1009.1,
2025-11-22 00:00:00,26.9,24,31,0.9,,,17.7,,1008.7,
2025-11-23 00:00:00,26.9,24,31,3,,,14.4,,1008,
2025-11-24 00:00:00,27.3,23.8,31.2,0.5,,,8.3,,1006.7,
2025-11-25 00:00:00,28.2,25.3,31.4,0.7,,,9.2,,1006.3,
2025-11-26 00:00:00,28.2,25.5,31,0.5,,,7.8,,1007.4,
2025-11-27 00:00:00,27.2,24.6,30,5.4,,,10.8,,1008.8,
2025-11-28 00:00:00,27.4,24.6,30.9,1,,,8.5,,1008.5,
2025-11-29 00:00:00,27.2,24.5,30.9,3,,,9.2,,1009.6,
2025-11-30 00:00:00,27.4,24.5,31.4,2,,,15.5,,1010.1,
